,Date,Home_Salinity,n,meanLowCon,meanHighCon,meanTemp,LowCon_ppt,HighCon_ppt,
1,10/1/2018,High,48,3414.5375,3610.354167,19.37291667,1.877995625,1.985694792,1.931845208
2,10/1/2018,Low,48,4187.714583,4371.358333,20.015,2.303243021,2.404247083,2.353745052
3,10/1/2018,Mid,48,33660.5,55183.6,20.28729167,18.513275,30.35098,24.4321275
4,10/10/2018,High,48,3424.8625,3619.408333,19.45645833,1.883674375,1.990674583,1.937174479
5,10/10/2018,Low,48,13873.82708,40513.02917,21.01354167,7.630604896,22.28216604,14.95638547
6,10/10/2018,Mid,48,33660.5,55183.6,20.95354167,18.513275,30.35098,24.4321275
7,10/11/2018,High,48,3441.8,3636.3125,19.548125,1.89299,1.999971875,1.946480938
8,10/11/2018,Low,48,33644.7,50954.54375,21.24854167,18.504585,28.02499906,23.26479203
9,10/11/2018,Mid,48,33660.5,55183.6,21.1425,18.513275,30.35098,24.4321275
10,10/12/2018,High,48,3457.539583,3652.327083,19.644375,1.901646771,2.008779896,1.955213333
11,10/12/2018,Low,48,33451.86458,31794.25833,21.38625,18.39852552,17.48684208,17.9426838
12,10/12/2018,Mid,48,33660.5,55183.6,21.27854167,18.513275,30.35098,24.4321275
13,10/13/2018,High,48,3450.654167,3645.416667,19.64979167,1.897859792,2.004979167,1.951419479
14,10/13/2018,Low,48,30992.22917,26643.46458,20.864375,17.04572604,14.65390552,15.84981578
15,10/13/2018,Mid,48,33660.5,55183.6,20.79375,18.513275,30.35098,24.4321275
16,10/14/2018,High,48,3336.63125,3529.629167,19.21354167,1.835147188,1.941296042,1.888221615
17,10/14/2018,Low,48,27039.24167,24361.16458,19.896875,14.87158292,13.39864052,14.13511172
18,10/14/2018,Mid,48,33660.5,55183.6,20.07375,18.513275,30.35098,24.4321275
19,10/15/2018,High,48,3165.38125,3353.495833,18.74083333,1.740959688,1.844422708,1.792691198
20,10/15/2018,Low,48,24769.22708,23024.68125,19.37375,13.6230749,12.66357469,13.14332479
21,10/15/2018,Mid,48,33660.5,55183.6,19.65645833,18.513275,30.35098,24.4321275
22,10/16/2018,High,48,3059.916667,3243.152083,18.37708333,1.682954167,1.783733646,1.733343906
23,10/16/2018,Low,48,23976.425,22527.25625,19.2025,13.18703375,12.38999094,12.78851234
24,10/16/2018,Mid,48,33660.5,55183.6,19.46145833,18.513275,30.35098,24.4321275
25,10/17/2018,High,48,3102.647917,3287.395833,18.06645833,1.706456354,1.808067708,1.757262031
26,10/17/2018,Low,48,23179.08125,22020.50833,18.97145833,12.74849469,12.11127958,12.42988714
27,10/17/2018,Mid,48,33660.5,55183.6,19.18541667,18.513275,30.35098,24.4321275
28,10/18/2018,High,48,3163.85625,3350.377083,17.66729167,1.740120938,1.842707396,1.791414167
29,10/18/2018,Low,48,22277.92292,21443.45,18.67541667,12.2528576,11.7938975,12.02337755
30,10/18/2018,Mid,48,33660.5,55183.6,18.87708333,18.513275,30.35098,24.4321275
31,10/19/2018,High,48,3184.935417,3371.18125,17.175625,1.751714479,1.854149688,1.802932083
32,10/19/2018,Low,48,20535.18333,20301.69375,17.98625,11.29435083,11.16593156,11.2301412
33,10/19/2018,Mid,48,33660.5,55183.6,18.45125,18.513275,30.35098,24.4321275
34,10/2/2018,High,48,3375.860417,3571.285417,19.27854167,1.856723229,1.964206979,1.910465104
35,10/2/2018,Low,48,4290.05625,4487.264583,20.07583333,2.359530938,2.467995521,2.413763229
36,10/2/2018,Mid,48,33660.5,55183.6,20.27791667,18.513275,30.35098,24.4321275
37,10/20/2018,High,48,3202.914583,3389.297917,17.0875,1.761603021,1.864113854,1.812858438
38,10/20/2018,Low,48,20184.15417,20048.70208,17.71020833,11.10128479,11.02678615,11.06403547
39,10/20/2018,Mid,48,33660.5,55183.6,18.101875,18.513275,30.35098,24.4321275
40,10/21/2018,High,48,3207.00625,3393.29375,16.85083333,1.763853438,1.866311563,1.8150825
41,10/21/2018,Low,48,19982.99583,19874.42292,17.540625,10.99064771,10.9309326,10.96079016
42,10/21/2018,Mid,48,33660.5,55183.6,17.82333333,18.513275,30.35098,24.4321275
43,10/22/2018,High,48,3184.6,3369.885417,16.31270833,1.75153,1.853436979,1.80248349
44,10/22/2018,Low,48,19476.71458,19433.71667,17.06916667,10.71219302,10.68854417,10.70036859
45,10/22/2018,Mid,48,33660.5,55183.6,17.18895833,18.513275,30.35098,24.4321275
46,10/23/2018,High,48,3181.10625,3366.064583,16.073125,1.749608438,1.851335521,1.800471979
47,10/23/2018,Low,48,19191.39792,19155.65,16.84645833,10.55526885,10.5356075,10.54543818
48,10/23/2018,Mid,48,33660.5,55183.6,16.74666667,18.513275,30.35098,24.4321275
49,10/24/2018,High,48,3180.072917,3364.704167,15.886875,1.749040104,1.850587292,1.799813698
50,10/24/2018,Low,48,18946.98958,18913.80833,16.75708333,10.42084427,10.40259458,10.41171943
51,10/24/2018,Mid,48,33660.5,55183.6,16.52729167,18.513275,30.35098,24.4321275
52,10/25/2018,High,48,3160.725,3344.385417,15.505625,1.73839875,1.839411979,1.788905365
53,10/25/2018,Low,48,18665.58333,18637.45,16.354375,10.26607083,10.2505975,10.25833417
54,10/25/2018,Mid,48,33660.5,55183.6,16.26833333,18.513275,30.35098,24.4321275
55,10/26/2018,High,48,3143.416667,3326.25625,15.23520833,1.728879167,1.829440938,1.779160052
56,10/26/2018,Low,48,18447.10417,18419.44792,16.02145833,10.14590729,10.13069635,10.13830182
57,10/26/2018,Mid,48,33660.5,55183.6,15.925,18.513275,30.35098,24.4321275
58,10/27/2018,High,48,3115.058333,3295.76875,15.19083333,1.713282083,1.812672813,1.762977448
59,10/27/2018,Low,48,17888.4,17892.91042,15.63916667,9.83862,9.841100729,9.839860365
60,10/27/2018,Mid,48,33660.5,55183.6,15.41333333,18.513275,30.35098,24.4321275
61,10/28/2018,High,48,3121.258333,3301.925,15.19979167,1.716692083,1.81605875,1.766375417
62,10/28/2018,Low,48,17738.17083,17743.79167,15.67395833,9.755993958,9.759085417,9.757539688
63,10/28/2018,Mid,48,33660.5,55183.6,15.33833333,18.513275,30.35098,24.4321275
64,10/29/2018,High,48,3125.822917,3306.4625,15.16770833,1.719202604,1.818554375,1.76887849
65,10/29/2018,Low,48,17751.7125,17746.50208,15.81145833,9.763441875,9.760576146,9.76200901
66,10/29/2018,Mid,48,33660.5,55183.6,15.29666667,18.513275,30.35098,24.4321275
67,10/3/2018,High,48,3366.7625,3561.920833,19.23479167,1.851719375,1.959056458,1.905387917
68,10/3/2018,Low,48,4401.483333,4613.079167,20.28458333,2.420815833,2.537193542,2.479004688
69,10/3/2018,Mid,48,33660.5,55183.6,20.39979167,18.513275,30.35098,24.4321275
70,10/30/2018,High,48,3112.583333,3292.416667,14.92875,1.711920833,1.810829167,1.761375
71,10/30/2018,Low,48,17709.10417,17702.82917,15.72479167,9.740007292,9.736556042,9.738281667
72,10/30/2018,Mid,48,33660.5,55183.6,15.195,18.513275,30.35098,24.4321275
73,10/31/2018,High,48,3105.2875,3284.597917,14.80604167,1.707908125,1.806528854,1.75721849
74,10/31/2018,Low,48,17669.94167,17658.69167,15.68020833,9.718467917,9.712280417,9.715374167
75,10/31/2018,Mid,48,33660.5,55183.6,15.14458333,18.513275,30.35098,24.4321275
76,10/4/2018,High,48,3369.354167,3564.5125,19.2525,1.853144792,1.960481875,1.906813333
77,10/4/2018,Low,48,4502.31875,4736.697917,20.50604167,2.476275313,2.605183854,2.540729583
78,10/4/2018,Mid,48,33660.5,55183.6,20.55520833,18.513275,30.35098,24.4321275
79,10/5/2018,High,48,3373.839583,3568.804167,19.295,1.855611771,1.962842292,1.909227031
80,10/5/2018,Low,48,4781.614583,5080.585417,20.73625,2.629888021,2.794321979,2.712105
81,10/5/2018,Mid,48,33660.5,55183.6,20.718125,18.513275,30.35098,24.4321275
82,10/6/2018,High,48,3384.335417,3579.152083,19.34083333,1.861384479,1.968533646,1.914959063
83,10/6/2018,Low,48,5825.310417,6548.160417,20.66416667,3.203920729,3.601488229,3.402704479
84,10/6/2018,Mid,48,33660.5,55183.6,20.69354167,18.513275,30.35098,24.4321275
85,10/7/2018,High,48,3398.65,3593.55625,19.31041667,1.8692575,1.976455938,1.922856719
86,10/7/2018,Low,48,7811.579167,10116.56875,20.50958333,4.296368542,5.564112813,4.930240677
87,10/7/2018,Mid,48,33660.5,55183.6,20.56916667,18.513275,30.35098,24.4321275
88,10/8/2018,High,48,3408.51875,3603.308333,19.32375,1.874685313,1.981819583,1.928252448
89,10/8/2018,Low,48,10669.35,18294.025,20.58833333,5.8681425,10.06171375,7.964928125
90,10/8/2018,Mid,48,33660.5,55183.6,20.62895833,18.513275,30.35098,24.4321275
91,10/9/2018,High,48,3411.975,3606.489583,19.37520833,1.87658625,1.983569271,1.93007776
92,10/9/2018,Low,48,16701.625,34137.50208,20.76895833,9.18589375,18.77562615,13.98075995
93,10/9/2018,Mid,48,33660.5,55183.6,20.76,18.513275,30.35098,24.4321275
94,11/1/2018,High,30,3112.3,3292.286667,14.903,1.711765,1.810757667,1.761261333
95,11/1/2018,Low,48,17668.72292,17650.11458,15.83854167,9.717797604,9.707563021,9.712680313
96,11/1/2018,Mid,48,33660.5,55183.6,15.37958333,18.513275,30.35098,24.4321275
97,11/2/2018,Low,48,17727.09583,17698.45417,16.151875,9.749902708,9.734149792,9.74202625
98,11/2/2018,Mid,48,33660.5,55183.6,15.78166667,18.513275,30.35098,24.4321275
99,11/3/2018,Low,48,17698.7125,17662.73958,16.30083333,9.734291875,9.714506771,9.724399323
100,11/3/2018,Mid,48,33660.5,55183.6,16.06541667,18.513275,30.35098,24.4321275
101,11/4/2018,Low,48,17561.34167,17526.41458,15.99291667,9.658737917,9.639528021,9.649132969
102,11/4/2018,Mid,48,33660.5,55183.6,15.786875,18.513275,30.35098,24.4321275
103,11/5/2018,Low,48,17327.90833,17305.11458,15.823125,9.530349583,9.517813021,9.524081302
104,11/5/2018,Mid,48,33660.5,55183.6,15.62083333,18.513275,30.35098,24.4321275
105,11/6/2018,Low,48,16776.22083,16778.78542,15.70291667,9.226921458,9.228331979,9.227626719
106,11/6/2018,Mid,48,33660.5,55183.6,15.67770833,18.513275,30.35098,24.4321275
107,11/7/2018,Low,48,16348.13125,16360.75208,15.65645833,8.991472188,8.998413646,8.994942917
108,11/7/2018,Mid,48,33660.5,55183.6,15.84083333,18.513275,30.35098,24.4321275
109,11/8/2018,Low,29,16351.88276,16351.56207,15.78068966,8.993535517,8.993359138,8.993447328
110,11/8/2018,Mid,28,33660.5,55183.6,15.74642857,18.513275,30.35098,24.4321275
111,7/10/2018,High,48,2720.422917,2887.727083,19.40791667,1.496232604,1.588249896,1.54224125
112,7/10/2018,Low,48,2055.4375,2058.008333,19.90604167,1.130490625,1.131904583,1.131197604
113,7/10/2018,Mid,48,5251.9,5320.98125,19.891875,2.888545,2.926539688,2.907542344
114,7/11/2018,High,27,2440.585185,2637.418519,19.50222222,1.342321852,1.450580185,1.396451019
115,7/11/2018,Low,48,2068.925,2071.845833,19.923125,1.13790875,1.139515208,1.138711979
116,7/11/2018,Mid,48,5273.4625,5330.072917,19.9175,2.900404375,2.931540104,2.91597224
117,7/12/2018,Low,48,2089.927083,2094.222917,20.13020833,1.149459896,1.151822604,1.15064125
118,7/12/2018,Mid,48,5315.122917,5368.4625,20.09395833,2.923317604,2.952654375,2.93798599
119,7/13/2018,High,36,2807.422222,3047.486111,19.82166667,1.544082222,1.676117361,1.610099792
120,7/13/2018,Low,48,2092.479167,2097.079167,20.30104167,1.150863542,1.153393542,1.152128542
121,7/13/2018,Mid,48,5718.539583,5776.4,20.22625,3.145196771,3.17702,3.161108385
122,7/14/2018,High,45,2815.146667,3057.015556,19.81911111,1.548330667,1.681358556,1.614844611
123,7/14/2018,Low,48,2096.420833,2101.439583,20.36895833,1.153031458,1.155791771,1.154411615
124,7/14/2018,Mid,48,5863.70625,5920.1875,20.28708333,3.225038438,3.256103125,3.240570781
125,7/15/2018,Low,48,2190.64375,2199.2375,20.32083333,1.204854063,1.209580625,1.207217344
126,7/15/2018,Mid,48,5926.35,5982.360417,20.27020833,3.2594925,3.290298229,3.274895365
127,7/16/2018,Low,48,2284.910417,2296.952083,20.39291667,1.256700729,1.263323646,1.260012188
128,7/16/2018,Mid,48,5966.064583,6024.239583,20.40479167,3.281335521,3.313331771,3.297333646
129,7/17/2018,High,13,2421.646154,2591.469231,20.36538462,1.331905385,1.425308077,1.378606731
130,7/17/2018,Low,48,2425.714583,2443.075,20.68833333,1.334143021,1.34369125,1.338917135
131,7/17/2018,Mid,48,6208.939583,6266.479167,20.65416667,3.414916771,3.446563542,3.430740156
132,7/18/2018,High,48,2834.81875,3041.408333,20.51395833,1.559150313,1.672774583,1.615962448
133,7/18/2018,Low,48,2493.658333,2513.610417,20.92541667,1.371512083,1.382485729,1.376998906
134,7/18/2018,Mid,48,6304.454167,6360.291667,20.91729167,3.467449792,3.498160417,3.482805104
135,7/19/2018,High,48,2692.016667,2861.339583,20.38333333,1.480609167,1.573736771,1.527172969
136,7/19/2018,Low,48,2480.2625,2499.845833,20.81958333,1.364144375,1.374915208,1.369529792
137,7/19/2018,Mid,48,6263.075,6316.0875,20.83333333,3.44469125,3.473848125,3.459269688
138,7/20/2018,High,47,2599.087234,2758.970213,19.99829787,1.429497979,1.517433617,1.473465798
139,7/20/2018,Low,48,2455.854167,2474.6625,20.60708333,1.350719792,1.361064375,1.355892083
140,7/20/2018,Mid,48,6174.979167,6225.672917,20.63979167,3.396238542,3.424120104,3.410179323
141,7/21/2018,High,48,2786.691667,2975.539583,19.54875,1.532680417,1.636546771,1.584613594
142,7/21/2018,Low,48,2461.347917,2480.577083,20.51833333,1.353741354,1.364317396,1.359029375
143,7/21/2018,Mid,48,5942.266667,5992.375,20.53583333,3.268246667,3.29580625,3.282026458
144,7/22/2018,High,48,2849.189583,3041.325,19.45729167,1.567054271,1.67272875,1.61989151
145,7/22/2018,Low,48,2524.89375,2546.520833,20.33020833,1.388691563,1.400586458,1.39463901
146,7/22/2018,Mid,48,6112.68125,6160.008333,20.34625,3.361974688,3.388004583,3.374989635
147,7/23/2018,High,48,2877.64375,3067.429167,19.36104167,1.582704063,1.687086042,1.634895052
148,7/23/2018,Low,48,2568.022917,2590.41875,20.13479167,1.412412604,1.424730313,1.418571458
149,7/23/2018,Mid,48,6219.30625,6267.466667,20.21083333,3.420618438,3.447106667,3.433862552
150,7/24/2018,High,48,2910.010417,3097.527083,19.38375,1.600505729,1.703639896,1.652072813
151,7/24/2018,Low,48,2632.858333,2657.929167,20.17041667,1.448072083,1.461861042,1.454966563
152,7/24/2018,Mid,48,6248.70625,6296.972917,20.29916667,3.436788438,3.463335104,3.450061771
153,7/25/2018,High,48,2936.510417,3122.666667,19.45979167,1.615080729,1.717466667,1.666273698
154,7/25/2018,Low,48,2685.360417,2712.95625,20.28041667,1.476948229,1.492125938,1.484537083
155,7/25/2018,Mid,48,6269.741667,6326.658333,20.4,3.448357917,3.479662083,3.46401
156,7/26/2018,High,48,2933.060417,3116.277083,19.55645833,1.613183229,1.713952396,1.663567813
157,7/26/2018,Low,48,2710.4625,2741.2375,20.31916667,1.490754375,1.507680625,1.4992175
158,7/26/2018,Mid,48,6257.385417,6338.91875,20.490625,3.441561979,3.486405313,3.463983646
159,7/27/2018,High,48,2932.854167,3115.104167,19.63458333,1.613069792,1.713307292,1.663188542
160,7/27/2018,Low,48,2760.827083,2803.9875,20.38291667,1.518454896,1.542193125,1.53032401
161,7/27/2018,Mid,48,6371.94375,6465.466667,20.62791667,3.504569063,3.556006667,3.530287865
162,7/28/2018,High,48,2959.408333,3142.39375,19.74708333,1.627674583,1.728316563,1.677995573
163,7/28/2018,Low,48,2852.572917,2914.408333,20.50041667,1.568915104,1.602924583,1.585919844
164,7/28/2018,Mid,48,6450.5125,6547.116667,20.72875,3.547781875,3.600914167,3.574348021
165,7/29/2018,High,48,2975.966667,3158.84375,19.78729167,1.636781667,1.737364063,1.687072865
166,7/29/2018,Low,48,2884.522917,2959.502083,20.48958333,1.586487604,1.627726146,1.607106875
167,7/29/2018,Mid,48,6490.954167,6596.839583,20.74916667,3.570024792,3.628261771,3.599143281
168,7/30/2018,High,48,2986.372917,3168.991667,19.731875,1.642505104,1.742945417,1.69272526
169,7/30/2018,Low,48,2909.345833,2995.6625,20.37583333,1.600140208,1.647614375,1.623877292
170,7/30/2018,Mid,48,6184.672917,6616.977083,20.63666667,3.401570104,3.639337396,3.52045375
171,7/31/2018,High,48,2992.98125,3175.197917,19.63458333,1.646139688,1.746358854,1.696249271
172,7/31/2018,Low,48,2926.745833,3023.85,20.19979167,1.609710208,1.6631175,1.636413854
173,7/31/2018,Mid,48,6201.66875,6660.691667,20.49333333,3.410917813,3.663380417,3.537149115
174,7/9/2018,High,27,2740.181481,2911.851852,19.54666667,1.507099815,1.601518519,1.554309167
175,7/9/2018,Low,23,2082.956522,2087.16087,20.12608696,1.145626087,1.147938478,1.146782283
176,7/9/2018,Mid,25,5069.132,5149.448,20.1168,2.7880226,2.8321964,2.8101095
177,8/1/2018,High,46,2969.476087,3159.878261,19.42086957,1.633211848,1.737933043,1.685572446
178,8/1/2018,Low,48,2943.55,3059.095833,20.19666667,1.6189525,1.682502708,1.650727604
179,8/1/2018,Mid,48,6291.479167,6705.579167,20.529375,3.460313542,3.688068542,3.574191042
180,8/10/2018,High,48,3041.722917,3239.50625,19.8075,1.672947604,1.781728438,1.727338021
181,8/10/2018,Low,48,2514.983333,2538.397917,21.64145833,1.383240833,1.396118854,1.389679844
182,8/10/2018,Mid,48,26214.80417,47068.11458,21.73416667,14.41814229,25.88746302,20.15280266
183,8/11/2018,High,48,3060.60625,3258.816667,19.87354167,1.683333438,1.792349167,1.737841302
184,8/11/2018,Low,48,2562.36875,2590.254167,21.725,1.409302813,1.424639792,1.416971302
185,8/11/2018,Mid,48,28738.62292,55063.04792,21.793125,15.8062426,30.28467635,23.04545948
186,8/12/2018,High,48,3078.620833,3276.833333,19.93395833,1.693241458,1.802258333,1.747749896
187,8/12/2018,Low,48,2643.4875,2677.79375,21.77729167,1.453918125,1.472786563,1.463352344
188,8/12/2018,Mid,48,28722.90417,55183.6,21.85791667,15.79759729,30.35098,23.07428865
189,8/13/2018,High,48,3093.985417,3292.622917,19.97625,1.701691979,1.810942604,1.756317292
190,8/13/2018,Low,48,2728.8125,2767.977083,21.6975,1.500846875,1.522387396,1.511617135
191,8/13/2018,Mid,48,16428.76042,55183.6,21.831875,9.035818229,30.35098,19.69339911
192,8/14/2018,High,48,3102.45,3301.104167,19.98,1.7063475,1.815607292,1.760977396
193,8/14/2018,Low,48,2814.09375,2857.175,21.62625,1.547751563,1.57144625,1.559598906
194,8/14/2018,Mid,48,17096.05417,55183.6,21.75625,9.402829792,30.35098,19.8769049
195,8/15/2018,High,48,3112.025,3310.43125,19.95104167,1.71161375,1.820737188,1.766175469
196,8/15/2018,Low,48,2875.404167,2921.147917,21.496875,1.581472292,1.606631354,1.594051823
197,8/15/2018,Mid,48,19617.27083,55183.6,21.60229167,10.78949896,30.35098,20.57023948
198,8/16/2018,High,48,3121.160417,3319.552083,19.92083333,1.716638229,1.825753646,1.771195938
199,8/16/2018,Low,48,2923.45,2970.347917,21.47770833,1.6078975,1.633691354,1.620794427
200,8/16/2018,Mid,48,27142.47708,55183.6,21.55833333,14.9283624,30.35098,22.6396712
201,8/17/2018,High,48,3133.858333,3332.0375,19.929375,1.723622083,1.832620625,1.778121354
202,8/17/2018,Low,48,2964.022917,3012.35,21.57791667,1.630212604,1.6567925,1.643502552
203,8/17/2018,Mid,48,30057.69375,55183.6,21.65708333,16.53173156,30.35098,23.44135578
204,8/18/2018,High,48,3150.577083,3348.772917,20.00020833,1.732817396,1.841825104,1.78732125
205,8/18/2018,Low,48,3009.48125,3059.775,21.851875,1.655214688,1.68287625,1.669045469
206,8/18/2018,Mid,48,29795.09792,55183.6,21.90125,16.38730385,30.35098,23.36914193
207,8/19/2018,High,48,3167.379167,3365.870833,20.10520833,1.742058542,1.851228958,1.79664375
208,8/19/2018,Low,48,3041.635417,3092.991667,22.02208333,1.672899479,1.701145417,1.687022448
209,8/19/2018,Mid,48,29618.65833,55183.6,22.05125,16.29026208,30.35098,23.32062104
210,8/2/2018,High,48,2920.866667,3120.6625,19.16625,1.606476667,1.716364375,1.661420521
211,8/2/2018,Low,48,2983.866667,3101.252083,20.45125,1.641126667,1.705688646,1.673407656
212,8/2/2018,Mid,48,6367.764583,6777.79375,20.75979167,3.502270521,3.727786563,3.615028542
213,8/20/2018,High,48,3180.3375,3379.166667,20.17791667,1.749185625,1.858541667,1.803863646
214,8/20/2018,Low,48,3069.429167,3121.677083,21.958125,1.688186042,1.716922396,1.702554219
215,8/20/2018,Mid,48,30193.75417,55183.6,22.00979167,16.60656479,30.35098,23.4787724
216,8/21/2018,High,48,3185.95625,3385.09375,20.169375,1.752275938,1.861801563,1.80703875
217,8/21/2018,Low,48,3128.529167,3181.591667,21.79625,1.720691042,1.749875417,1.735283229
218,8/21/2018,Mid,48,28573.21875,55183.6,21.904375,15.71527031,30.35098,23.03312516
219,8/22/2018,High,48,3186.9625,3385.985417,20.13958333,1.752829375,1.862291979,1.807560677
220,8/22/2018,Low,48,3168.116667,3222.208333,21.77541667,1.742464167,1.772214583,1.757339375
221,8/22/2018,Mid,48,29631.01667,55183.6,21.900625,16.29705917,30.35098,23.32401958
222,8/23/2018,High,48,3195.435417,3394.297917,20.13916667,1.757489479,1.866863854,1.812176667
223,8/23/2018,Low,48,3142.420833,3195.458333,21.70166667,1.728331458,1.757502083,1.742916771
224,8/23/2018,Mid,48,29443.7375,55183.6,21.83916667,16.19405563,30.35098,23.27251781
225,8/24/2018,High,48,3198.139583,3396.729167,20.08270833,1.758976771,1.868201042,1.813588906
226,8/24/2018,Low,48,3104.377083,3156.864583,21.35145833,1.707407396,1.736275521,1.721841458
227,8/24/2018,Mid,48,32680.36042,55183.6,21.47333333,17.97419823,30.35098,24.16258911
228,8/25/2018,High,48,3191.95,3389.4625,19.936875,1.7555725,1.864204375,1.809888438
229,8/25/2018,Low,48,3067.725,3118.914583,20.98791667,1.68724875,1.715403021,1.701325885
230,8/25/2018,Mid,48,32104.10208,55183.6,21.09854167,17.65725615,30.35098,24.00411807
231,8/26/2018,High,48,3184.764583,3381.283333,19.79375,1.751620521,1.859705833,1.805663177
232,8/26/2018,Low,48,3031.88125,3081.972917,20.74854167,1.667534688,1.695085104,1.681309896
233,8/26/2018,Mid,48,31602.70625,55183.6,20.86333333,17.38148844,30.35098,23.86623422
234,8/27/2018,High,48,3183.65625,3380.00625,19.69770833,1.751010938,1.859003438,1.805007188
235,8/27/2018,Low,48,3017.304167,3066.675,20.74770833,1.659517292,1.68667125,1.673094271
236,8/27/2018,Mid,48,33466.8125,55183.6,20.86333333,18.40674688,30.35098,24.37886344
237,8/28/2018,High,48,3190.916667,3386.966667,19.70708333,1.755004167,1.862831667,1.808917917
238,8/28/2018,Low,48,3019.179167,3068.5,21.08020833,1.660548542,1.687675,1.674111771
239,8/28/2018,Mid,48,33657.23542,55183.6,21.14645833,18.51147948,30.35098,24.43122974
240,8/29/2018,High,48,3204.304167,3400.90625,19.81958333,1.762367292,1.870498438,1.816432865
241,8/29/2018,Low,48,3044.260417,3095.097917,21.554375,1.674343229,1.702303854,1.688323542
242,8/29/2018,Mid,48,33660.5,55183.6,21.53958333,18.513275,30.35098,24.4321275
243,8/3/2018,High,48,2937.129167,3137.10625,19.24895833,1.615421042,1.725408438,1.67041474
244,8/3/2018,Low,48,3036.402083,3156.460417,20.62604167,1.670021146,1.736053229,1.703037188
245,8/3/2018,Mid,48,6390.3875,6863.335417,20.90375,3.514713125,3.774834479,3.644773802
246,8/30/2018,High,48,3220.429167,3417.627083,19.98416667,1.771236042,1.879694896,1.825465469
247,8/30/2018,Low,48,3062.527083,3114.504167,22.00604167,1.684389896,1.712977292,1.698683594
248,8/30/2018,Mid,48,33356.23333,55183.6,21.91520833,18.34592833,30.35098,24.34845417
249,8/31/2018,High,48,3236.447917,3434.072917,20.14604167,1.780046354,1.888740104,1.834393229
250,8/31/2018,Low,48,3102.577083,3155.90625,22.26979167,1.706417396,1.735748438,1.721082917
251,8/31/2018,Mid,48,32833.46458,55183.6,22.12520833,18.05840552,30.35098,24.20469276
252,8/4/2018,High,48,2950.922917,3150.733333,19.31291667,1.623007604,1.732903333,1.677955469
253,8/4/2018,Low,48,3046.65,3160.577083,20.65583333,1.6756575,1.738317396,1.706987448
254,8/4/2018,Mid,48,6537.179167,7023.041667,21.01270833,3.595448542,3.862672917,3.729060729
255,8/5/2018,High,48,2967.59375,3167.433333,19.37625,1.632176563,1.742088333,1.687132448
256,8/5/2018,Low,48,3062.972917,3174.55,20.75229167,1.684635104,1.7460025,1.715318802
257,8/5/2018,Mid,48,7328.614583,8123.33125,21.114375,4.030738021,4.467832188,4.249285104
258,8/6/2018,High,48,2987.739583,3187.3125,19.47104167,1.643256771,1.753021875,1.698139323
259,8/6/2018,Low,48,3090.1,3199.0125,20.89979167,1.699555,1.759456875,1.729505938
260,8/6/2018,Mid,48,9698.239583,11719.11458,21.229375,5.334031771,6.445513021,5.889772396
261,8/7/2018,High,48,2992.995833,3191.0125,19.53416667,1.646147708,1.755056875,1.700602292
262,8/7/2018,Low,48,3111.46875,3217.00625,21.09395833,1.711307813,1.769353438,1.740330625
263,8/7/2018,Mid,48,13678.9375,21227.11042,21.38145833,7.523415625,11.67491073,9.599163177
264,8/8/2018,High,48,3001.55,3198.566667,19.63083333,1.6508525,1.759211667,1.705032083
265,8/8/2018,Low,48,3096.372917,3196.83125,21.27833333,1.703005104,1.758257188,1.730631146
266,8/8/2018,Mid,48,20244.82917,45268.90208,21.51625,11.13465604,24.89789615,18.01627609
267,8/9/2018,High,48,3022.04375,3219.370833,19.71979167,1.662124063,1.770653958,1.71638901
268,8/9/2018,Low,48,2764.752083,2820.979167,21.50104167,1.520613646,1.551538542,1.536076094
269,8/9/2018,Mid,48,20486.41667,47343.40417,21.65770833,11.26752917,26.03887229,18.65320073
270,9/1/2018,High,48,3344.047917,3544.014583,20.27479167,1.839226354,1.949208021,1.894217188
271,9/1/2018,Low,48,3071.71875,3124.43125,22.47166667,1.689445313,1.718437188,1.70394125
272,9/1/2018,Mid,48,32487.12083,55183.6,22.31041667,17.86791646,30.35098,24.10944823
273,9/10/2018,High,48,3340.454167,3539.460417,20.845,1.837249792,1.946703229,1.89197651
274,9/10/2018,Low,48,3048.122917,3109.204167,21.79708333,1.676467604,1.710062292,1.693264948
275,9/10/2018,Mid,48,33660.5,55183.6,21.70791667,18.513275,30.35098,24.4321275
276,9/11/2018,High,48,3309.358333,3508.0625,20.60583333,1.820147083,1.929434375,1.874790729
277,9/11/2018,Low,48,3143.458333,3208.502083,21.39729167,1.728902083,1.764676146,1.746789115
278,9/11/2018,Mid,48,33660.5,55183.6,21.724375,18.513275,30.35098,24.4321275
279,9/12/2018,High,48,3284.833333,3482.829167,20.44666667,1.806658333,1.915556042,1.861107188
280,9/12/2018,Low,48,3255.120833,3324.227083,21.33520833,1.790316458,1.828324896,1.809320677
281,9/12/2018,Mid,48,33660.5,55183.6,21.63458333,18.513275,30.35098,24.4321275
282,9/13/2018,High,48,3247.629167,3443.735417,20.40916667,1.786196042,1.894054479,1.84012526
283,9/13/2018,Low,48,2891.525,2939.770833,21.52625,1.59033875,1.616873958,1.603606354
284,9/13/2018,Mid,47,33660.5,55183.6,21.68468085,18.513275,30.35098,24.4321275
285,9/14/2018,High,48,3212.44375,3406.55,20.38604167,1.766844063,1.8736025,1.820223281
286,9/14/2018,Low,48,2384.06875,2405.708333,21.665625,1.311237813,1.323139583,1.317188698
287,9/14/2018,Mid,48,33660.5,55183.6,21.73625,18.513275,30.35098,24.4321275
288,9/15/2018,High,48,3198.539583,3392.008333,20.39083333,1.759196771,1.865604583,1.812400677
289,9/15/2018,Low,48,2565.089583,2596.225,21.731875,1.410799271,1.42792375,1.41936151
290,9/15/2018,Mid,48,33660.5,55183.6,21.788125,18.513275,30.35098,24.4321275
291,9/16/2018,High,48,3197.65,3391.075,20.388125,1.7587075,1.86509125,1.811899375
292,9/16/2018,Low,48,2695.297917,2735.2,21.77208333,1.482413854,1.50436,1.493386927
293,9/16/2018,Mid,48,33660.5,55183.6,21.82604167,18.513275,30.35098,24.4321275
294,9/17/2018,High,48,3199.395833,3392.783333,20.36958333,1.759667708,1.866030833,1.812849271
295,9/17/2018,Low,48,2802.64375,2851.660417,21.78083333,1.541454063,1.568413229,1.554933646
296,9/17/2018,Mid,48,33660.5,55183.6,21.84458333,18.513275,30.35098,24.4321275
297,9/18/2018,High,48,3206.247917,3399.904167,20.36583333,1.763436354,1.869947292,1.816691823
298,9/18/2018,Low,48,2942.429167,3000.5875,21.843125,1.618336042,1.650323125,1.634329583
299,9/18/2018,Mid,48,33660.5,55183.6,21.9175,18.513275,30.35098,24.4321275
300,9/19/2018,High,48,3222.689583,3416.960417,20.4075,1.772479271,1.879328229,1.82590375
301,9/19/2018,Low,48,2997.133333,3062.895833,21.92375,1.648423333,1.684592708,1.666508021
302,9/19/2018,Mid,48,33660.5,55183.6,21.98104167,18.513275,30.35098,24.4321275
303,9/2/2018,High,48,3342.4125,3542.29375,20.3875,1.838326875,1.948261563,1.893294219
304,9/2/2018,Low,48,3062.4875,3115.489583,22.646875,1.684368125,1.713519271,1.698943698
305,9/2/2018,Mid,48,33660.5,55183.6,22.51479167,18.513275,30.35098,24.4321275
306,9/20/2018,High,48,3271.63125,3467.2,20.44041667,1.799397188,1.90696,1.853178594
307,9/20/2018,Low,48,3100.327083,3174.095833,21.87729167,1.705179896,1.745752708,1.725466302
308,9/20/2018,Mid,48,33660.5,55183.6,21.96,18.513275,30.35098,24.4321275
309,9/21/2018,High,48,3708.191667,3903.420833,20.43479167,2.039505417,2.146881458,2.093193438
310,9/21/2018,Low,48,3209.545833,3287.872917,21.82395833,1.765250208,1.808330104,1.786790156
311,9/21/2018,Mid,48,33660.5,55183.6,21.97541667,18.513275,30.35098,24.4321275
312,9/22/2018,High,48,3783.027083,3975.76875,20.42166667,2.080664896,2.186672813,2.133668854
313,9/22/2018,Low,48,3307.439583,3395.4375,21.75020833,1.819091771,1.867490625,1.843291198
314,9/22/2018,Mid,48,33660.5,55183.6,22.05875,18.513275,30.35098,24.4321275
315,9/23/2018,High,48,3753.6,3947.227083,20.39333333,2.06448,2.170974896,2.117727448
316,9/23/2018,Low,48,3526.972917,3639.56875,21.59229167,1.939835104,2.001762813,1.970798958
317,9/23/2018,Mid,48,33660.5,55183.6,21.94375,18.513275,30.35098,24.4321275
318,9/24/2018,High,48,3705.291667,3899.379167,20.26125,2.037910417,2.144658542,2.091284479
319,9/24/2018,Low,48,3759.775,3899.485417,21.06416667,2.06787625,2.144716979,2.106296615
320,9/24/2018,Mid,48,33660.5,55183.6,21.496875,18.513275,30.35098,24.4321275
321,9/25/2018,High,48,3646.477083,3841.902083,20.06666667,2.005562396,2.113046146,2.059304271
322,9/25/2018,Low,48,3876.491667,4031.4375,20.65395833,2.132070417,2.217290625,2.174680521
323,9/25/2018,Mid,48,33660.5,55183.6,21.08229167,18.513275,30.35098,24.4321275
324,9/26/2018,High,48,3596.329167,3792.6375,19.91458333,1.977981042,2.085950625,2.031965833
325,9/26/2018,Low,48,3945.86875,4110.320833,20.59833333,2.170227813,2.260676458,2.215452135
326,9/26/2018,Mid,48,33660.5,55183.6,20.93625,18.513275,30.35098,24.4321275
327,9/27/2018,High,48,3561.220833,3757.46875,19.86104167,1.958671458,2.066607813,2.012639635
328,9/27/2018,Low,48,4034.54375,4207.554167,20.84979167,2.218999063,2.314154792,2.266576927
329,9/27/2018,Mid,48,33660.5,55183.6,21.03020833,18.513275,30.35098,24.4321275
330,9/28/2018,High,48,3528.452083,3724.6875,19.82666667,1.940648646,2.048578125,1.994613385
331,9/28/2018,Low,48,4071.785417,4247.664583,20.65125,2.239481979,2.336215521,2.28784875
332,9/28/2018,Mid,48,33660.5,55183.6,20.87520833,18.513275,30.35098,24.4321275
333,9/29/2018,High,48,3487.385417,3683.939583,19.68916667,1.918061979,2.026166771,1.972114375
334,9/29/2018,Low,48,4080.114583,4256.50625,20.29166667,2.244063021,2.341078438,2.292570729
335,9/29/2018,Mid,48,33660.5,55183.6,20.601875,18.513275,30.35098,24.4321275
336,9/3/2018,High,48,3344.475,3544.36875,20.48666667,1.83946125,1.949402813,1.894432031
337,9/3/2018,Low,48,3057.627083,3111.75,22.74,1.681694896,1.7114625,1.696578698
338,9/3/2018,Mid,48,33660.5,55183.6,22.70791667,18.513275,30.35098,24.4321275
339,9/30/2018,High,48,3451.920833,3648.108333,19.52854167,1.898556458,2.006459583,1.952508021
340,9/30/2018,Low,48,4124.477083,4303.410417,20.16,2.268462396,2.366875729,2.317669063
341,9/30/2018,Mid,48,33660.5,55183.6,20.42291667,18.513275,30.35098,24.4321275
342,9/4/2018,High,48,3348.279167,3548.379167,20.59,1.841553542,1.951608542,1.896581042
343,9/4/2018,Low,48,3032.0375,3087.3125,22.85958333,1.667620625,1.698021875,1.68282125
344,9/4/2018,Mid,48,33660.5,55183.6,22.83229167,18.513275,30.35098,24.4321275
345,9/5/2018,High,48,3352.997917,3553.322917,20.71083333,1.844148854,1.954327604,1.899238229
346,9/5/2018,Low,48,3005.016667,3060.2125,23.02291667,1.652759167,1.683116875,1.667938021
347,9/5/2018,Mid,48,33660.5,55183.6,22.94520833,18.513275,30.35098,24.4321275
348,9/6/2018,High,48,3356.81875,3557.214583,20.81854167,1.846250313,1.956468021,1.901359167
349,9/6/2018,Low,48,2998.741667,3054.122917,23.14479167,1.649307917,1.679767604,1.66453776
350,9/6/2018,Mid,48,33660.5,55183.6,23.085625,18.513275,30.35098,24.4321275
351,9/7/2018,High,48,3359.777083,3560.322917,20.92604167,1.847877396,1.958177604,1.9030275
352,9/7/2018,Low,48,2962.29375,3017.5125,23.29416667,1.629261563,1.659631875,1.644446719
353,9/7/2018,Mid,48,33660.5,55183.6,23.24583333,18.513275,30.35098,24.4321275
354,9/8/2018,High,48,3362.314583,3562.8875,21.02416667,1.849273021,1.959588125,1.904430573
355,9/8/2018,Low,48,2948.995833,3004.85,23.28104167,1.621947708,1.6526675,1.637307604
356,9/8/2018,Mid,48,33660.5,55183.6,23.25979167,18.513275,30.35098,24.4321275
357,9/9/2018,High,48,3360.135417,3560.552083,21.03833333,1.848074479,1.958303646,1.903189063
358,9/9/2018,Low,48,2994.485417,3053.11875,22.76791667,1.646966979,1.679215313,1.663091146
359,9/9/2018,Mid,48,33660.5,55183.6,22.56395833,18.513275,30.35098,24.4321275
360,10/1/2019,High,48,1116.5875,1035.754167,20.92395833,0.614123125,0.569664792,0.591893958
361,10/1/2019,Mid,48,13761.65208,13208.55,22.18520833,7.568908646,7.2647025,7.416805573
362,10/10/2019,High,48,1113.795833,1033.108333,21.53020833,0.612587708,0.568209583,0.590398646
363,10/10/2019,Mid,48,14379.71875,13763.75833,20.42916667,7.908845313,7.570067083,7.739456198
364,10/11/2019,High,48,1114.052083,1033.475,21.57854167,0.612728646,0.56841125,0.590569948
365,10/11/2019,Mid,48,14739.80208,14089,20.06291667,8.106891146,7.74895,7.927920573
366,10/12/2019,High,48,1111.9125,1031.177083,21.535625,0.611551875,0.567147396,0.589349635
367,10/12/2019,Mid,48,14922.83333,14251.80208,19.73604167,8.207558333,7.838491146,8.02302474
368,10/13/2019,High,48,1109.916667,1028.795833,21.49916667,0.610454167,0.565837708,0.588145938
369,10/13/2019,Mid,48,14877.1125,14212.81458,19.72458333,8.182411875,7.817048021,7.999729948
370,10/14/2019,High,48,1104.014583,1022.220833,21.299375,0.607208021,0.562221458,0.58471474
371,10/14/2019,Mid,48,14631.46667,13987.97917,19.79375,8.047306667,7.693388542,7.870347604
372,10/15/2019,High,48,1096.891667,1014.235417,21.045625,0.603290417,0.557829479,0.580559948
373,10/15/2019,Mid,48,14282.95833,13671.2875,19.65666667,7.855627083,7.519208125,7.687417604
374,10/16/2019,High,48,1094.808333,1012.0375,20.986875,0.602144583,0.556620625,0.579382604
375,10/16/2019,Mid,48,14245.55208,13635.83333,19.31520833,7.835053646,7.499708333,7.66738099
376,10/17/2019,High,48,1098.304167,1015.777083,21.138125,0.604067292,0.558677396,0.581372344
377,10/17/2019,Mid,48,14092.60208,13499.21667,19.10791667,7.750931146,7.424569167,7.587750156
378,10/18/2019,High,48,1103.333333,1021.55,21.3325,0.606833333,0.5618525,0.584342917
379,10/18/2019,Mid,48,13749.25625,13191.99583,18.93604167,7.562090938,7.255597708,7.408844323
380,10/19/2019,High,48,1628.772917,1628.322917,21.45229167,0.895825104,0.895577604,0.895701354
381,10/19/2019,Mid,48,13431.31042,12908.76875,18.776875,7.387220729,7.099822813,7.243521771
382,10/2/2019,High,48,1121.225,1041.327083,21.15645833,0.61667375,0.572729896,0.594701823
383,10/2/2019,Mid,48,13735.55625,13184.46875,22.2275,7.554555938,7.251457813,7.403006875
384,10/20/2019,High,48,1796.635417,1822.645833,21.63145833,0.988149479,1.002455208,0.995302344
385,10/20/2019,Mid,48,13251.19792,12738.81042,18.37208333,7.288158854,7.006345729,7.147252292
386,10/21/2019,High,48,1756.78125,1776.125,21.78916667,0.966229688,0.97686875,0.971549219
387,10/21/2019,Mid,48,12968.70625,12475.94792,18.19979167,7.132788438,6.861771354,6.997279896
388,10/22/2019,High,48,1721.18125,1734.385417,21.94979167,0.946649688,0.953911979,0.950280833
389,10/22/2019,Mid,48,12790.82083,12306.39583,18.20395833,7.034951458,6.768517708,6.901734583
390,10/23/2019,High,48,1690.55625,1698.758333,22.11041667,0.929805938,0.934317083,0.93206151
391,10/23/2019,Mid,48,12553.51667,12088.12917,18.18875,6.904434167,6.648471042,6.776452604
392,10/24/2019,High,48,1662.310417,1666.383333,22.18791667,0.914270729,0.916510833,0.915390781
393,10/24/2019,Mid,48,12296.15833,11853.42917,18.06020833,6.762887083,6.519386042,6.641136563
394,10/25/2019,High,48,1626.50625,1624.80625,22.18770833,0.894578438,0.893643438,0.894110938
395,10/25/2019,Mid,48,12080.19167,11659.43958,18.011875,6.644105417,6.412691771,6.528398594
396,10/26/2019,High,48,1602.710417,1596.725,22.22770833,0.881490729,0.87819875,0.87984474
397,10/26/2019,Mid,48,11876.9,11474.62083,17.9775,6.532295,6.311041458,6.421668229
398,10/27/2019,High,48,1613.770833,1609.80625,21.96291667,0.887573958,0.885393438,0.886483698
399,10/27/2019,Mid,48,11741.63542,11345.475,17.97020833,6.457899479,6.24001125,6.348955365
400,10/28/2019,High,48,1569.160417,1557.202083,21.45583333,0.863038229,0.856461146,0.859749688
401,10/28/2019,Mid,48,11550.83333,11162.23542,18.07125,6.352958333,6.139229479,6.246093906
402,10/29/2019,High,48,1731.139583,1746.00625,21.01875,0.952126771,0.960303438,0.956215104
403,10/29/2019,Mid,48,11321.91667,10947.2875,17.99666667,6.227054167,6.021008125,6.124031146
404,10/3/2019,High,48,1123.816667,1044.616667,21.36166667,0.618099167,0.574539167,0.596319167
405,10/3/2019,Mid,48,13403.15208,12882.81875,22.45,7.371733646,7.085550313,7.228641979
406,10/30/2019,High,48,2468.145833,2592.720833,20.7625,1.357480208,1.425996458,1.391738333
407,10/30/2019,Mid,48,11137.2375,10775.51042,17.934375,6.125480625,5.926530729,6.026005677
408,10/31/2019,High,19,2412.957895,2531.421053,20.73473684,1.327126842,1.392281579,1.359704211
409,10/31/2019,Mid,48,11069.07292,10710.13333,18.02666667,6.087990104,5.890573333,5.989281719
410,10/4/2019,High,48,1123.647917,1044.333333,21.43395833,0.618006354,0.574383333,0.596194844
411,10/4/2019,Mid,48,14052.10833,13475.56458,22.49145833,7.728659583,7.411560521,7.570110052
412,10/5/2019,High,48,1120.772917,1040.979167,21.408125,0.616425104,0.572538542,0.594481823
413,10/5/2019,Mid,48,13691.59375,13147.86458,22.35208333,7.530376563,7.231325521,7.380851042
414,10/6/2019,High,48,1116.760417,1036.202083,21.37645833,0.614218229,0.569911146,0.592064688
415,10/6/2019,Mid,48,14209.40625,13615.00625,21.46125,7.815173438,7.488253438,7.651713438
416,10/7/2019,High,48,1115.0625,1034.375,21.39104167,0.613284375,0.56890625,0.591095313
417,10/7/2019,Mid,48,14087.7375,13500.99375,21.375625,7.748255625,7.425546563,7.586901094
418,10/8/2019,High,48,1114.96875,1034.454167,21.45916667,0.613232813,0.568949792,0.591091302
419,10/8/2019,Mid,48,13749.36458,13192.1875,21.36,7.562150521,7.255703125,7.408926823
420,10/9/2019,High,48,1114.035417,1033.339583,21.489375,0.612719479,0.568336771,0.590528125
421,10/9/2019,Mid,48,13757.83958,13198.42708,21.029375,7.566811771,7.259134896,7.412973333
422,11/1/2019,Mid,48,10949.12292,10601.02708,17.90625,6.022017604,5.830564896,5.92629125
423,11/10/2019,Mid,48,9390.085417,9187.685417,15.385625,5.164546979,5.053226979,5.108886979
424,11/11/2019,Mid,48,9338.827083,9142.452083,15.11375,5.136354896,5.028348646,5.082351771
425,11/12/2019,Mid,48,9255.741667,9060.925,15.15208333,5.090657917,4.98350875,5.037083333
426,11/13/2019,Mid,48,9105.925,8916.522917,14.84458333,5.00825875,4.904087604,4.956173177
427,11/14/2019,Mid,48,8937.489583,8755.920833,14.47208333,4.915619271,4.815756458,4.865687865
428,11/15/2019,Mid,48,8786.266667,8613.11875,14.16333333,4.832446667,4.737215313,4.78483099
429,11/16/2019,Mid,48,8685.183333,8516.575,14.04979167,4.776850833,4.68411625,4.730483542
430,11/17/2019,Mid,48,8599.208333,8436.3125,13.82604167,4.729564583,4.639971875,4.684768229
431,11/18/2019,Mid,48,8675.735417,8519.710417,13.265,4.771654479,4.685840729,4.728747604
432,11/19/2019,Mid,48,8882.679167,8719.24375,12.29,4.885473542,4.795584063,4.840528802
433,11/2/2019,Mid,48,10697.92708,10369.63333,17.56895833,5.883859896,5.703298333,5.793579115
434,11/20/2019,Mid,48,9038.570833,8872.435417,12.87520833,4.971213958,4.879839479,4.925526719
435,11/21/2019,Mid,48,8969.295833,8806.064583,13.01625,4.933112708,4.843335521,4.888224115
436,11/22/2019,Mid,48,8908.283333,8755.354167,12.92729167,4.899555833,4.815444792,4.857500313
437,11/23/2019,Mid,48,8819.989583,8668.95625,12.85583333,4.850994271,4.767925938,4.809460104
438,11/24/2019,Mid,48,8677.877083,8537.589583,12.61458333,4.772832396,4.695674271,4.734253333
439,11/25/2019,Mid,48,8554.722917,8418.929167,12.54791667,4.705097604,4.630411042,4.667754323
440,11/26/2019,Mid,48,8476.633333,8343.227083,12.53166667,4.662148333,4.588774896,4.625461615
441,11/27/2019,Mid,48,8419.78125,8286.547917,12.578125,4.630879688,4.557601354,4.594240521
442,11/28/2019,Mid,48,8376.80625,8246.870833,12.64541667,4.607243438,4.535778958,4.571511198
443,11/29/2019,Mid,48,8306.48125,8176.045833,12.581875,4.568564688,4.496825208,4.532694948
444,11/3/2019,Mid,48,10463.10625,10153.99583,17.22625,5.754708438,5.584697708,5.669703073
445,11/30/2019,Mid,48,8247.25,8119.860417,12.463125,4.5359875,4.465923229,4.500955365
446,11/4/2019,Mid,48,10236.67917,9951.775,16.86229167,5.630173542,5.47347625,5.551824896
447,11/5/2019,Mid,48,10185.84583,9910.841667,16.52416667,5.602215208,5.450962917,5.526589063
448,11/6/2019,Mid,48,10051.99792,9795.204167,16.49833333,5.528598854,5.387362292,5.457980573
449,11/7/2019,Mid,48,9892.779167,9655.845833,16.36875,5.441028542,5.310715208,5.375871875
450,11/8/2019,Mid,48,9725.983333,9503.81875,16.17791667,5.349290833,5.227100313,5.288195573
451,11/9/2019,Mid,48,9546.18125,9333.25,15.83979167,5.250399688,5.1332875,5.191843594
452,12/1/2019,Mid,48,8215.060417,8103.0875,12.05083333,4.518283229,4.456698125,4.487490677
453,12/10/2019,Mid,48,7538.879167,7467.954167,11.29104167,4.146383542,4.107374792,4.126879167
454,12/11/2019,Mid,48,7500.227083,7429.158333,11.385625,4.125124896,4.086037083,4.10558099
455,12/12/2019,Mid,48,7384.816667,7310.847917,11.15104167,4.061649167,4.020966354,4.04130776
456,12/13/2019,Mid,48,7259.377083,7193.316667,10.8725,3.992657396,3.956324167,3.974490781
457,12/14/2019,Mid,48,7198.83125,7133.402083,10.753125,3.959357188,3.923371146,3.941364167
458,12/15/2019,Mid,48,7182.7125,7107.189583,10.80895833,3.950491875,3.908954271,3.929723073
459,12/16/2019,Mid,48,7121.225,7045.727083,10.696875,3.91667375,3.875149896,3.895911823
460,12/17/2019,Mid,48,7029.677083,6955.583333,10.48645833,3.866322396,3.825570833,3.845946615
461,12/18/2019,Mid,48,6949.420833,6884.545833,10.36416667,3.822181458,3.786500208,3.804340833
462,12/19/2019,Mid,48,6868.172917,6809.125,10.12041667,3.777495104,3.74501875,3.761256927
463,12/2/2019,Mid,48,8128.377083,8022.541667,11.97729167,4.470607396,4.412397917,4.441502656
464,12/20/2019,Mid,48,6787.089583,6730.389583,9.82625,3.732899271,3.701714271,3.717306771
465,12/21/2019,Mid,48,6713.604167,6659.8375,9.586875,3.692482292,3.662910625,3.677696458
466,12/22/2019,Mid,48,6647.18125,6594.854167,9.369791667,3.655949688,3.627169792,3.64155974
467,12/23/2019,Mid,48,6589.020833,6538.08125,9.205833333,3.623961458,3.595944688,3.609953073
468,12/24/2019,Mid,48,6564.797917,6514.725,9.224166667,3.610638854,3.58309875,3.596868802
469,12/25/2019,Mid,48,6528.53125,6479.83125,9.160208333,3.590692188,3.563907188,3.577299688
470,12/26/2019,Mid,48,6486.64375,6440.6125,9.07375,3.567654063,3.542336875,3.554995469
471,12/27/2019,Mid,48,6476.558333,6430.28125,9.157083333,3.562107083,3.536654688,3.549380885
472,12/28/2019,Mid,48,6472.366667,6426.55,9.274166667,3.559801667,3.5346025,3.547202083
473,12/29/2019,Mid,48,6472.2,6428.15625,9.415625,3.55971,3.535485938,3.547597969
474,12/3/2019,Mid,48,8022.685417,7925.260417,11.92791667,4.412476979,4.358893229,4.385685104
475,12/30/2019,Mid,48,6474.775,6436.339583,9.620625,3.56112625,3.539986771,3.55055651
476,12/31/2019,Mid,48,6489.404167,6450.602083,9.887291667,3.569172292,3.547831146,3.558501719
477,12/4/2019,Mid,48,7910.872917,7825.222917,11.65770833,4.350980104,4.303872604,4.327426354
478,12/5/2019,Mid,48,7832.31875,7752.175,11.519375,4.307775313,4.26369625,4.285735781
479,12/6/2019,Mid,48,7777.485417,7694.697917,11.484375,4.277616979,4.232083854,4.254850417
480,12/7/2019,Mid,48,7712.7875,7629.191667,11.40541667,4.242033125,4.196055417,4.219044271
481,12/8/2019,Mid,48,7634.28125,7553.054167,11.23958333,4.198854688,4.154179792,4.17651724
482,12/9/2019,Mid,48,7556.429167,7481.777083,11.10645833,4.156036042,4.114977396,4.135506719
483,3/10/2019,High,48,1344.860417,1283,5.554791667,0.739673229,0.70565,0.722661615
484,3/10/2019,Low,48,585.10625,557.2,8.089375,0.321808438,0.30646,0.314134219
485,3/10/2019,Mid,48,1159.710417,1137.91875,7.443333333,0.637840729,0.625855313,0.631848021
486,3/11/2019,High,48,1366.272917,1307.610417,6.056666667,0.751450104,0.719185729,0.735317917
487,3/11/2019,Low,48,631.0916667,601.34375,8.317083333,0.347100417,0.330739063,0.33891974
488,3/11/2019,Mid,48,1314.377083,1294.285417,7.754166667,0.722907396,0.711856979,0.717382188
489,3/12/2019,High,48,1385.779167,1329.89375,6.358125,0.762178542,0.731441563,0.746810052
490,3/12/2019,Low,48,676.3875,645.1875,8.516666667,0.372013125,0.354853125,0.363433125
491,3/12/2019,Mid,48,1383.077083,1363.75625,7.878333333,0.760692396,0.750065938,0.755379167
492,3/13/2019,High,48,1397.283333,1342.4375,6.466666667,0.768505833,0.738340625,0.753423229
493,3/13/2019,Low,48,713.6541667,681.5833333,8.586041667,0.392509792,0.374870833,0.383690313
494,3/13/2019,Mid,48,1441.072917,1422.660417,7.984791667,0.792590104,0.782463229,0.787526667
495,3/14/2019,High,48,1403.258333,1349.525,6.5425,0.771792083,0.74223875,0.757015417
496,3/14/2019,Low,48,747.4604167,714.5145833,8.687291667,0.411103229,0.392983021,0.402043125
497,3/14/2019,Mid,48,1492.297917,1474.647917,8.066041667,0.820763854,0.811056354,0.815910104
498,3/15/2019,High,48,1412.139583,1359.745833,6.75375,0.776676771,0.747860208,0.76226849
499,3/15/2019,Low,48,787.1541667,753.40625,8.883125,0.432934792,0.414373438,0.423654115
500,3/15/2019,Mid,48,1544.90625,1528.020833,8.219375,0.849698438,0.840411458,0.845054948
501,3/16/2019,High,48,1425.04375,1375.1375,7.292708333,0.783774063,0.756325625,0.770049844
502,3/16/2019,Low,48,820.2979167,786.23125,9.305625,0.451163854,0.432427188,0.441795521
503,3/16/2019,Mid,48,1603.760417,1588.072917,8.555,0.882068229,0.873440104,0.877754167
504,3/17/2019,High,48,1425.28125,1375.6375,7.513333333,0.783904688,0.756600625,0.770252656
505,3/17/2019,Low,48,829.9083333,795.9583333,9.5025,0.456449583,0.437777083,0.447113333
506,3/17/2019,Mid,48,1659.3625,1644.479167,8.873333333,0.912649375,0.904463542,0.908556458
507,3/18/2019,High,48,1411.272917,1359.40625,7.374375,0.776200104,0.747673438,0.761936771
508,3/18/2019,Low,48,822.89375,788.80625,9.225833333,0.452591563,0.433843438,0.4432175
509,3/18/2019,Mid,48,1702.68125,1688.533333,8.932916667,0.936474688,0.928693333,0.93258401
510,3/19/2019,High,48,1395.904167,1341.175,7.177708333,0.767747292,0.73764625,0.752696771
511,3/19/2019,Low,48,860.50625,826.24375,9.063958333,0.473278438,0.454434063,0.46385625
512,3/19/2019,Mid,48,1740.708333,1727.39375,8.906875,0.957389583,0.950066563,0.953728073
513,3/20/2019,High,48,1378.652083,1321.572917,7.005625,0.758258646,0.726865104,0.742561875
514,3/20/2019,Low,48,923.0145833,888.4208333,9.120416667,0.507658021,0.488631458,0.49814474
515,3/20/2019,Mid,48,1769.791667,1756.58125,8.839375,0.973385417,0.966119688,0.969752552
516,3/21/2019,High,48,1376.466667,1318.975,7.068958333,0.757056667,0.72543625,0.741246458
517,3/21/2019,Low,48,961.74375,927.0895833,9.215625,0.528959063,0.509899271,0.519429167
518,3/21/2019,Mid,48,1790.975,1777.672917,8.79875,0.98503625,0.977720104,0.981378177
519,3/22/2019,High,48,1374.452083,1316.775,7.216458333,0.755948646,0.72422625,0.740087448
520,3/22/2019,Low,48,986.3583333,951.8583333,9.295,0.542497083,0.523522083,0.533009583
521,3/22/2019,Mid,48,1816.3125,1803.441667,8.853125,0.998971875,0.991892917,0.995432396
522,3/23/2019,High,48,1369.908333,1311.8375,7.311875,0.753449583,0.721510625,0.737480104
523,3/23/2019,Low,48,1007.372917,972.56875,9.353125,0.554055104,0.534912813,0.544483958
524,3/23/2019,Mid,48,1839.44375,1826.81875,8.880833333,1.011694063,1.004750313,1.008222188
525,3/24/2019,High,48,1363.18125,1303.864583,7.253333333,0.749749688,0.717125521,0.733437604
526,3/24/2019,Low,48,1025.916667,991.49375,9.3625,0.564254167,0.545321563,0.554787865
527,3/24/2019,Mid,48,1856.995833,1844.6375,8.871458333,1.021347708,1.014550625,1.017949167
528,3/25/2019,High,48,1359.210417,1299.333333,7.289583333,0.747565729,0.714633333,0.731099531
529,3/25/2019,Low,48,1043.65625,1009.48125,9.416875,0.574010938,0.555214688,0.564612813
530,3/25/2019,Mid,48,1876.10625,1863.80625,8.925208333,1.031858438,1.025093438,1.028475938
531,3/26/2019,High,48,1357.6125,1297.875,7.4525,0.746686875,0.71383125,0.730259063
532,3/26/2019,Low,48,1058.252083,1023.914583,9.505416667,0.582038646,0.563153021,0.572595833
533,3/26/2019,Mid,48,1898.283333,1886.20625,9.033541667,1.044055833,1.037413438,1.040734635
534,3/27/2019,High,48,1349.291667,1288.595833,7.40375,0.742110417,0.708727708,0.725419063
535,3/27/2019,Low,48,1073.8125,1039.60625,9.522916667,0.590596875,0.571783438,0.581190156
536,3/27/2019,Mid,48,1916.227083,1904.204167,9.088125,1.053924896,1.047312292,1.050618594
537,3/28/2019,High,48,1339.277083,1277.0375,7.298541667,0.736602396,0.702370625,0.71948651
538,3/28/2019,Low,48,1089.835417,1055.360417,9.488541667,0.599409479,0.580448229,0.589928854
539,3/28/2019,Mid,48,1927.433333,1915.029167,9.082083333,1.060088333,1.053266042,1.056677188
540,3/29/2019,High,48,1336.372917,1273.7375,7.378333333,0.735005104,0.700555625,0.717780365
541,3/29/2019,Low,48,1101.975,1068.027083,9.530625,0.60608625,0.587414896,0.596750573
542,3/29/2019,Mid,48,1939.81875,1927.33125,9.114166667,1.066900313,1.060032188,1.06346625
543,3/30/2019,High,48,1340.14375,1278.210417,7.643958333,0.737079063,0.703015729,0.720047396
544,3/30/2019,Low,48,1116.4125,1082.645833,9.622291667,0.614026875,0.595455208,0.604741042
545,3/30/2019,Mid,48,1957.760417,1945.352083,9.222083333,1.076768229,1.069943646,1.073355938
546,3/31/2019,High,48,1350.65,1290.597917,8.064791667,0.7428575,0.709828854,0.726343177
547,3/31/2019,Low,48,1114.754167,1081.01875,9.869791667,0.613114792,0.594560313,0.603837552
548,3/31/2019,Mid,48,1980.216667,1968.108333,9.412083333,1.089119167,1.082459583,1.085789375
549,3/9/2019,High,19,1342.026316,1279.757895,5.442631579,0.738114474,0.703866842,0.720990658
550,3/9/2019,Low,21,552.0952381,525.7666667,8.002380952,0.303652381,0.289171667,0.296412024
551,3/9/2019,Mid,20,999.76,976.645,7.1975,0.549868,0.53715475,0.543511375
552,4/1/2019,High,48,1349.0875,1289.01875,8.166666667,0.741998125,0.708960313,0.725479219
553,4/1/2019,Low,48,1091.064583,1056.704167,9.910208333,0.600085521,0.581187292,0.590636406
554,4/1/2019,Mid,48,2001.3375,1989.372917,9.602708333,1.100735625,1.094155104,1.097445365
555,4/10/2019,High,48,1387.35,1333.9625,10.320625,0.7630425,0.733679375,0.748360938
556,4/10/2019,Low,48,1076.983333,1042.720833,11.439375,0.592340833,0.573496458,0.582918646
557,4/10/2019,Mid,48,2111.791667,2102.09375,10.821875,1.161485417,1.156151563,1.15881849
558,4/11/2019,High,48,1387.585417,1334.525,10.455625,0.763171979,0.73398875,0.748580365
559,4/11/2019,Low,48,1074.94375,1040.625,11.62875,0.591219063,0.57234375,0.581781406
560,4/11/2019,Mid,48,2129.525,2120.016667,11.110625,1.17123875,1.166009167,1.168623958
561,4/12/2019,High,48,1379.179167,1324.841667,10.346875,0.758548542,0.728662917,0.743605729
562,4/12/2019,Low,48,1062.835417,1028.75625,11.605,0.584559479,0.565815938,0.575187708
563,4/12/2019,Mid,48,2134.377083,2125.095833,11.18625,1.173907396,1.168802708,1.171355052
564,4/13/2019,High,48,1379.658333,1325.5375,10.47958333,0.758812083,0.729045625,0.743928854
565,4/13/2019,Low,48,1057.654167,1023.435417,11.64833333,0.581709792,0.562889479,0.572299635
566,4/13/2019,Mid,48,2137.991667,2128.541667,11.25375,1.175895417,1.170697917,1.173296667
567,4/14/2019,High,48,1389.833333,1337.375,10.88541667,0.764408333,0.73555625,0.749982292
568,4/14/2019,Low,48,1051.433333,1017.295833,11.95208333,0.578288333,0.559512708,0.568900521
569,4/14/2019,Mid,48,2151.19375,2142.141667,11.504375,1.183156563,1.178177917,1.18066724
570,4/15/2019,High,48,1398.254167,1347.2875,11.241875,0.769039792,0.741008125,0.755023958
571,4/15/2019,Low,48,1051.422917,1017.289583,12.21583333,0.578282604,0.559509271,0.568895938
572,4/15/2019,Mid,48,2165.76875,2156.933333,11.78729167,1.191172813,1.186313333,1.188743073
573,4/16/2019,High,48,1345.68125,1288.070833,11.25375,0.740124688,0.708438958,0.724281823
574,4/16/2019,Low,48,1043.741667,1009.658333,12.3175,0.574057917,0.555312083,0.564685
575,4/16/2019,Mid,48,2173.714583,2164.9,11.95541667,1.195543021,1.190695,1.19311901
576,4/17/2019,High,48,1284.670833,1223.208333,11.10395833,0.706568958,0.672764583,0.689666771
577,4/17/2019,Low,48,837.9854167,805.09375,12.261875,0.460891979,0.442801563,0.451846771
578,4/17/2019,Mid,50,1988.234,1976.178,11.944,1.0935287,1.0868979,1.0902133
579,4/18/2019,High,48,1301.1875,1239.041667,11.16895833,0.715653125,0.681472917,0.698563021
580,4/18/2019,Low,48,723.0979167,690.48125,12.28458333,0.397703854,0.379764688,0.388734271
581,4/18/2019,Mid,48,1957.90625,1945.658333,11.95208333,1.076848438,1.070112083,1.07348026
582,4/19/2019,High,48,1322.025,1261.383333,11.47041667,0.72711375,0.693760833,0.710437292
583,4/19/2019,Low,48,767.53125,733.89375,12.484375,0.422142188,0.403641563,0.412891875
584,4/19/2019,Mid,48,2091.44375,2081.527083,12.10625,1.150294063,1.144839896,1.147566979
585,4/2/2019,High,48,1337.11875,1275.045833,7.934375,0.735415313,0.701275208,0.71834526
586,4/2/2019,Low,48,1068.24375,1034.1125,9.707083333,0.587534063,0.568761875,0.578147969
587,4/2/2019,Mid,48,2008.089583,1996.235417,9.56875,1.104449271,1.097929479,1.101189375
588,4/20/2019,High,48,1339.825,1281.74375,11.81229167,0.73690375,0.704959063,0.720931406
589,4/20/2019,Low,48,816.3291667,782.2541667,12.77416667,0.448981042,0.430239792,0.439610417
590,4/20/2019,Mid,48,2166.30625,2157.3875,12.41770833,1.191468438,1.186563125,1.189015781
591,4/21/2019,High,48,1355.608333,1299.472917,12.13791667,0.745584583,0.714710104,0.730147344
592,4/21/2019,Low,48,855.9416667,821.5854167,13.04458333,0.470767917,0.451871979,0.461319948
593,4/21/2019,Mid,48,2182.266667,2173.495833,12.71416667,1.200246667,1.195422708,1.197834688
594,4/22/2019,High,48,1358.752083,1302.8625,12.15875,0.747313646,0.716574375,0.73194401
595,4/22/2019,Low,48,882.1333333,847.6166667,13.13854167,0.485173333,0.466189167,0.47568125
596,4/22/2019,Mid,48,2187.53125,2178.56875,12.83895833,1.203142188,1.198212813,1.2006775
597,4/23/2019,High,48,1360.364583,1304.8375,12.19479167,0.748200521,0.717660625,0.732930573
598,4/23/2019,Low,48,904.2583333,869.5291667,13.194375,0.497342083,0.478241042,0.487791563
599,4/23/2019,Mid,48,2188.260417,2179.4375,12.90958333,1.203543229,1.198690625,1.201116927
600,4/24/2019,High,48,1365.522917,1311,12.3625,0.751037604,0.72105,0.736043802
601,4/24/2019,Low,48,925.875,891.1770833,13.36229167,0.50923125,0.490147396,0.499689323
602,4/24/2019,Mid,48,2190.979167,2182.141667,13.01479167,1.205038542,1.200177917,1.202608229
603,4/25/2019,High,48,1371.539583,1318.2,12.585625,0.754346771,0.72501,0.739678385
604,4/25/2019,Low,48,945.5625,910.8541667,13.56583333,0.520059375,0.500969792,0.510514583
605,4/25/2019,Mid,48,2196.6625,2187.958333,13.170625,1.208164375,1.203377083,1.205770729
606,4/26/2019,High,48,1371.652083,1318.4125,12.66645833,0.754408646,0.725126875,0.73976776
607,4/26/2019,Low,48,964.0145833,929.4354167,13.604375,0.530208021,0.511189479,0.52069875
608,4/26/2019,Mid,48,2198.85625,2190.21875,13.27395833,1.209370938,1.204620313,1.206995625
609,4/27/2019,High,48,1368.791667,1315.1375,12.70291667,0.752835417,0.723325625,0.738080521
610,4/27/2019,Low,48,985.0145833,950.5354167,13.613125,0.541758021,0.522794479,0.53227625
611,4/27/2019,Mid,48,2199.15,2190.670833,13.35604167,1.2095325,1.204868958,1.207200729
612,4/28/2019,High,48,1358.4625,1303.702083,12.5975,0.747154375,0.717036146,0.73209526
613,4/28/2019,Low,48,996.2645833,961.7041667,13.61145833,0.547945521,0.528937292,0.538441406
614,4/28/2019,Mid,48,2194.066667,2185.239583,13.32854167,1.206736667,1.201881771,1.204309219
615,4/29/2019,High,41,1017.017073,954.1121951,12.49170732,0.55935939,0.524761707,0.542060549
616,4/29/2019,Low,48,1001.702083,966.8833333,13.51,0.550936146,0.531785833,0.54136099
617,4/29/2019,Mid,48,2186.172917,2177.377083,13.26645833,1.202395104,1.197557396,1.19997625
618,4/3/2019,High,48,1326.154167,1262.110417,7.742291667,0.729384792,0.694160729,0.71177276
619,4/3/2019,Low,48,1146.004167,1112.770833,9.729791667,0.630302292,0.612023958,0.621163125
620,4/3/2019,Mid,48,2008.78125,1997.035417,9.484583333,1.104829688,1.098369479,1.101599583
621,4/30/2019,High,48,528.5083333,440.4229167,12.25583333,0.290679583,0.242232604,0.266456094
622,4/30/2019,Low,48,1009.75625,974.7583333,13.32979167,0.555365938,0.536117083,0.54574151
623,4/30/2019,Mid,48,2172.41875,2163.575,13.11604167,1.194830313,1.18996625,1.192398281
624,4/4/2019,High,48,1325.70625,1261.65,7.918541667,0.729138438,0.6939075,0.711522969
625,4/4/2019,Low,48,1178.691667,1146.245833,9.825416667,0.648280417,0.630435208,0.639357813
626,4/4/2019,Mid,48,2012.002083,2000.45,9.487916667,1.106601146,1.1002475,1.103424323
627,4/5/2019,High,48,1331.691667,1269.075,8.245416667,0.732430417,0.69799125,0.715210833
628,4/5/2019,Low,48,1155.877083,1122.641667,9.940625,0.635732396,0.617452917,0.626592656
629,4/5/2019,Mid,48,2023.864583,2012.325,9.586666667,1.113125521,1.10677875,1.109952135
630,4/6/2019,High,48,1332.8875,1270.6625,8.380833333,0.733088125,0.698864375,0.71597625
631,4/6/2019,Low,48,1110.129167,1076.152083,9.986458333,0.610571042,0.591883646,0.601227344
632,4/6/2019,Mid,48,2033.38125,2022.122917,9.659791667,1.118359688,1.112167604,1.115263646
633,4/7/2019,High,48,1339.78125,1278.691667,8.680416667,0.736879688,0.703280417,0.720080052
634,4/7/2019,Low,48,1083.752083,1049.335417,10.19395833,0.596063646,0.577134479,0.586599063
635,4/7/2019,Mid,48,2043.752083,2032.970833,9.77125,1.124063646,1.118133958,1.121098802
636,4/8/2019,High,48,1350.933333,1291.79375,9.095,0.743013333,0.710486563,0.726749948
637,4/8/2019,Low,48,1071.1,1036.86875,10.45625,0.589105,0.570277813,0.579691406
638,4/8/2019,Mid,48,2058.9875,2048.497917,9.986041667,1.132443125,1.126673854,1.12955849
639,4/9/2019,High,48,1370.6125,1314.483333,9.748333333,0.753836875,0.722965833,0.738401354
640,4/9/2019,Low,48,1069.397917,1035.55,10.96083333,0.588168854,0.5695525,0.578860677
641,4/9/2019,Mid,48,2083.279167,2073.147917,10.36895833,1.145803542,1.140231354,1.143017448
642,5/1/2019,High,48,571.0583333,476.85,12.46729167,0.314082083,0.2622675,0.288174792
643,5/1/2019,Low,48,1020.416667,985.725,13.46020833,0.561229167,0.54214875,0.551688958
644,5/1/2019,Mid,48,2165.766667,2156.8375,13.08458333,1.191171667,1.186260625,1.188716146
645,5/10/2019,High,48,901.5208333,797.95625,13.815,0.495836458,0.438875938,0.467356198
646,5/10/2019,Low,48,1156.358333,1123.454167,14.49854167,0.635997083,0.617899792,0.626948438
647,5/10/2019,Mid,48,2165.639583,2156.5,14.29541667,1.191101771,1.186075,1.188588385
648,5/11/2019,High,48,923.4270833,820.9541667,14.1,0.507884896,0.451524792,0.479704844
649,5/11/2019,Low,48,1165.091667,1132.252083,14.67208333,0.640800417,0.622738646,0.631769531
650,5/11/2019,Mid,48,2166.497917,2157.572917,14.46875,1.191573854,1.186665104,1.189119479
651,5/12/2019,High,48,939.7416667,838.5479167,14.169375,0.516857917,0.461201354,0.489029635
652,5/12/2019,Low,48,1170.270833,1137.789583,14.72916667,0.643648958,0.625784271,0.634716615
653,5/12/2019,Mid,48,2163.504167,2154.554167,14.58395833,1.189927292,1.185004792,1.187466042
654,5/13/2019,High,48,946.3895833,845.3083333,13.88208333,0.520514271,0.464919583,0.492716927
655,5/13/2019,Low,48,1172.077083,1139.660417,14.47520833,0.644642396,0.626813229,0.635727813
656,5/13/2019,Mid,48,2145.816667,2136.81875,14.445625,1.180199167,1.175250313,1.17772474
657,5/14/2019,High,48,948.3104167,847.1291667,13.48,0.521570729,0.465921042,0.493745885
658,5/14/2019,Low,48,1171.452083,1138.916667,14.165625,0.644298646,0.626404167,0.635351406
659,5/14/2019,Mid,48,2119.9375,2110.5875,14.165,1.165965625,1.160823125,1.163394375
660,5/15/2019,High,48,952.9083333,852.01875,13.231875,0.524099583,0.468610313,0.496354948
661,5/15/2019,Low,48,1169.466667,1136.954167,13.92791667,0.643206667,0.625324792,0.634265729
662,5/15/2019,Mid,48,2098.933333,2089.197917,13.9125,1.154413333,1.149058854,1.151736094
663,5/16/2019,High,48,959.0854167,858.53125,13.17854167,0.527496979,0.472192188,0.499844583
664,5/16/2019,Low,48,1169.99375,1137.61875,13.85395833,0.643496563,0.625690313,0.634593438
665,5/16/2019,Mid,48,2080.104167,2070.379167,13.75854167,1.144057292,1.138708542,1.141382917
666,5/17/2019,High,48,966.2916667,866.39375,13.26270833,0.531460417,0.476516563,0.50398849
667,5/17/2019,Low,48,1175.054167,1143.022917,13.9325,0.646279792,0.628662604,0.637471198
668,5/17/2019,Mid,48,2069.927083,2060.3,13.74520833,1.138459896,1.133165,1.135812448
669,5/18/2019,High,48,977.1354167,878.125,13.53729167,0.537424479,0.48296875,0.510196615
670,5/18/2019,Low,48,1181.141667,1149.172917,14.11166667,0.649627917,0.632045104,0.64083651
671,5/18/2019,Mid,48,2067.041667,2057.15625,13.86458333,1.136872917,1.131435938,1.134154427
672,5/19/2019,High,48,990.76875,892.9729167,13.92895833,0.544922813,0.491135104,0.518028958
673,5/19/2019,Low,48,1189.370833,1157.789583,14.419375,0.654153958,0.636784271,0.645469115
674,5/19/2019,Mid,48,2072.66875,2062.897917,14.12270833,1.139967813,1.134593854,1.137280833
675,5/2/2019,High,48,618.6875,519.34375,12.665,0.340278125,0.285639063,0.312958594
676,5/2/2019,Low,48,1030.385417,995.9395833,13.57895833,0.566711979,0.547766771,0.557239375
677,5/2/2019,Mid,48,2165.45,2156.6375,13.176875,1.1909975,1.186150625,1.188574063
678,5/20/2019,High,48,1004.777083,908.4375,14.38666667,0.552627396,0.499640625,0.52613401
679,5/20/2019,Low,48,1201.254167,1170.058333,14.83875,0.660689792,0.643532083,0.652110938
680,5/20/2019,Mid,48,2084.083333,2074.402083,14.5,1.146245833,1.140921146,1.14358349
681,5/21/2019,High,48,1019.4375,924.4895833,14.876875,0.560690625,0.508469271,0.534579948
682,5/21/2019,Low,48,1208.835417,1177.533333,15.33104167,0.664859479,0.647643333,0.656251406
683,5/21/2019,Mid,48,2099.610417,2089.835417,14.94458333,1.154785729,1.149409479,1.152097604
684,5/22/2019,High,48,1023.204167,928.7520833,14.91895833,0.562762292,0.510813646,0.536787969
685,5/22/2019,Low,48,1204.022917,1172.733333,15.39791667,0.662212604,0.645003333,0.653607969
686,5/22/2019,Mid,48,2100.475,2090.6875,15.111875,1.15526125,1.149878125,1.152569688
687,5/23/2019,High,48,1020.172917,925.41875,14.72479167,0.561095104,0.508980313,0.535037708
688,5/23/2019,Low,48,1197.627083,1166.46875,15.19541667,0.658694896,0.641557813,0.650126354
689,5/23/2019,Mid,48,2087,2077.258333,15.03541667,1.14785,1.142492083,1.145171042
690,5/24/2019,High,48,1024.735417,930.3354167,14.78854167,0.563604479,0.511684479,0.537644479
691,5/24/2019,Low,48,1202.045833,1170.677083,15.213125,0.661125208,0.643872396,0.652498802
692,5/24/2019,Mid,48,2079.085417,2069.460417,15.0425,1.143496979,1.138203229,1.140850104
693,5/25/2019,High,48,1034.45,940.7791667,15.04979167,0.5689475,0.517428542,0.543188021
694,5/25/2019,Low,48,1208.908333,1177.6625,15.43166667,0.664899583,0.647714375,0.656306979
695,5/25/2019,Mid,48,2079.664583,2069.9375,15.19708333,1.143815521,1.138465625,1.141140573
696,5/26/2019,High,48,1041.504167,948.61875,15.21333333,0.572827292,0.521740313,0.547283802
697,5/26/2019,Low,48,1216.38125,1184.783333,15.59666667,0.669009688,0.651630833,0.66032026
698,5/26/2019,Mid,48,2081.447917,2071.835417,15.37875,1.144796354,1.139509479,1.142152917
699,5/27/2019,High,48,1050.93125,959.05625,15.49666667,0.578012188,0.527480938,0.552746563
700,5/27/2019,Low,48,1225.7125,1194.722917,15.87791667,0.674141875,0.657097604,0.66561974
701,5/27/2019,Mid,48,2086.44375,2076.99375,15.635,1.147544063,1.142346563,1.144945313
702,5/28/2019,High,48,1058.545833,967.7,15.72395833,0.582200208,0.532235,0.557217604
703,5/28/2019,Low,48,1238.3125,1207.720833,16.10666667,0.681071875,0.664246458,0.672659167
704,5/28/2019,Mid,48,2090.45,2081.15625,15.87333333,1.1497475,1.144635938,1.147191719
705,5/29/2019,High,48,1063.6875,973.5375,15.89416667,0.585028125,0.535445625,0.560236875
706,5/29/2019,Low,48,1253.45,1223.41875,16.278125,0.6893975,0.672880313,0.681138906
707,5/29/2019,Mid,48,2092.047917,2082.7125,16.08083333,1.150626354,1.145491875,1.148059115
708,5/3/2019,High,48,670.5895833,567.525,12.94395833,0.368824271,0.31213875,0.34048151
709,5/3/2019,Low,48,1052.179167,1018.010417,13.82125,0.578698542,0.559905729,0.569302135
710,5/3/2019,Mid,48,2167.895833,2159.066667,13.34083333,1.192342708,1.187486667,1.189914688
711,5/30/2019,High,48,1073.533333,984.5104167,16.22041667,0.590443333,0.541480729,0.565962031
712,5/30/2019,Low,48,1272.91875,1243.633333,16.626875,0.700105313,0.683998333,0.692051823
713,5/30/2019,Mid,48,2097.864583,2088.2625,16.3575,1.153825521,1.148544375,1.151184948
714,5/31/2019,High,48,1080.69375,992.8604167,16.47729167,0.594381563,0.546073229,0.570227396
715,5/31/2019,Low,48,1295.116667,1266.48125,16.855,0.712314167,0.696564688,0.704439427
716,5/31/2019,Mid,48,2101.310417,2091.875,16.61104167,1.155720729,1.15053125,1.15312599
717,5/4/2019,High,48,715.3479167,610.01875,13.16333333,0.393441354,0.335510313,0.364475833
718,5/4/2019,Low,48,1070.004167,1036.064583,14.013125,0.588502292,0.569835521,0.579168906
719,5/4/2019,Mid,48,2174.189583,2165.35,13.57833333,1.195804271,1.1909425,1.193373385
720,5/5/2019,High,48,756.7833333,650.3416667,13.34520833,0.416230833,0.357687917,0.386959375
721,5/5/2019,Low,48,1088.302083,1054.108333,14.15145833,0.598566146,0.579759583,0.589162865
722,5/5/2019,Mid,48,2179.854167,2171.097917,13.805,1.198919792,1.194103854,1.196511823
723,5/6/2019,High,48,792.6020833,685.9583333,13.375625,0.435931146,0.377277083,0.406604115
724,5/6/2019,Low,48,1113.027083,1079.2875,14.130625,0.612164896,0.593608125,0.60288651
725,5/6/2019,Mid,48,2176.14375,2167.358333,13.89020833,1.196879063,1.192047083,1.194463073
726,5/7/2019,High,48,824.1145833,717.9770833,13.36083333,0.453263021,0.394887396,0.424075208
727,5/7/2019,Low,48,1128.720833,1095.3,14.14020833,0.620796458,0.602415,0.611605729
728,5/7/2019,Mid,48,2167.835417,2158.883333,13.89854167,1.192309479,1.187385833,1.189847656
729,5/8/2019,High,48,853.1916667,747.8416667,13.51958333,0.469255417,0.411312917,0.440284167
730,5/8/2019,Low,48,1141.841667,1108.383333,14.3025,0.628012917,0.609610833,0.618811875
731,5/8/2019,Mid,48,2167.897917,2158.914583,14.03979167,1.192343854,1.187403021,1.189873438
732,5/9/2019,High,48,879.0479167,774.7833333,13.67541667,0.483476354,0.426130833,0.454803594
733,5/9/2019,Low,48,1150.28125,1116.93125,14.435625,0.632654688,0.614312188,0.623483438
734,5/9/2019,Mid,48,2168.685417,2159.966667,14.20645833,1.192776979,1.187981667,1.190379323
735,6/1/2019,High,48,1083.6,996.05,16.59979167,0.59598,0.5478275,0.57190375
736,6/1/2019,Low,48,1315.066667,1287.0875,17.00145833,0.723286667,0.707898125,0.715592396
737,6/1/2019,Mid,48,2100.58125,2090.870833,16.76979167,1.155319688,1.149978958,1.152649323
738,6/10/2019,High,48,1076.50625,988.3166667,16.784375,0.592078438,0.543574167,0.567826302
739,6/10/2019,Low,48,1393.685417,1368.6,17.3325,0.766526979,0.75273,0.75962849
740,6/10/2019,Mid,48,2055.264583,2045.63125,17.25666667,1.130395521,1.125097188,1.127746354
741,6/11/2019,High,48,1075.35,987.0979167,16.795625,0.5914425,0.542903854,0.567173177
742,6/11/2019,Low,48,1399.916667,1375.022917,17.328125,0.769954167,0.756262604,0.763108385
743,6/11/2019,Mid,48,2049.8375,2040.014583,17.295,1.127410625,1.122008021,1.124709323
744,6/12/2019,High,48,1074.63125,986.325,16.79916667,0.591047188,0.54247875,0.566762969
745,6/12/2019,Low,48,1399.88125,1375.247917,17.36270833,0.769934688,0.756386354,0.763160521
746,6/12/2019,Mid,48,2044.685417,2034.570833,17.33104167,1.124576979,1.119013958,1.121795469
747,6/13/2019,High,48,1069.925,981.1333333,16.67979167,0.58845875,0.539623333,0.564041042
748,6/13/2019,Low,48,1402.7875,1378.391667,17.25958333,0.771533125,0.758115417,0.764824271
749,6/13/2019,Mid,48,2032.725,2022.26875,17.249375,1.11799875,1.112247813,1.115123281
750,6/14/2019,High,48,1065.7875,976.3583333,16.59958333,0.586183125,0.536997083,0.561590104
751,6/14/2019,Low,48,1410.510417,1386.564583,17.17208333,0.775780729,0.762610521,0.769195625
752,6/14/2019,Mid,48,2019.23125,2008.433333,17.18729167,1.110577188,1.104638333,1.10760776
753,6/15/2019,High,48,1062.352083,972.6333333,16.48375,0.584293646,0.534948333,0.55962099
754,6/15/2019,Low,48,1405.439583,1381.24375,16.99479167,0.772991771,0.759684063,0.766337917
755,6/15/2019,Mid,48,2003.335417,1992.220833,17.05416667,1.101834479,1.095721458,1.098777969
756,6/16/2019,High,48,1060.810417,970.9458333,16.48625,0.583445729,0.534020208,0.558732969
757,6/16/2019,Low,48,1398.122917,1373.866667,16.89958333,0.768967604,0.755626667,0.762297135
758,6/16/2019,Mid,48,1989.066667,1977.760417,16.93645833,1.093986667,1.087768229,1.090877448
759,6/17/2019,High,48,1066.722917,977.475,16.74916667,0.586697604,0.53761125,0.562154427
760,6/17/2019,Low,48,1398.910417,1374.879167,17.13958333,0.769400729,0.756183542,0.762792135
761,6/17/2019,Mid,48,1989.84375,1978.202083,17.04666667,1.094414063,1.088011146,1.091212604
762,6/18/2019,High,48,1074.910417,986.7395833,17.11458333,0.591200729,0.542706771,0.56695375
763,6/18/2019,Low,48,1412.283333,1389.147917,17.52979167,0.776755833,0.764031354,0.770393594
764,6/18/2019,Mid,48,1996.28125,1984.84375,17.31895833,1.097954688,1.091664063,1.094809375
765,6/19/2019,High,48,1080.552083,993.475,17.3925,0.594303646,0.54641125,0.570357448
766,6/19/2019,Low,48,1431.4625,1409.297917,17.83041667,0.787304375,0.775113854,0.781209115
767,6/19/2019,Mid,48,2001.93125,1990.810417,17.591875,1.101062188,1.094945729,1.098003958
768,6/2/2019,High,48,1084.954167,997.475,16.66979167,0.596724792,0.54861125,0.572668021
769,6/2/2019,Low,48,1332.96875,1305.533333,17.11291667,0.733132813,0.718043333,0.725588073
770,6/2/2019,Mid,48,2097.6625,2088.18125,16.88479167,1.153714375,1.148499688,1.151107031
771,6/20/2019,High,48,1084.75,998.05625,17.613125,0.5966125,0.548930938,0.572771719
772,6/20/2019,Low,48,1449.152083,1428.047917,18.05833333,0.797033646,0.785426354,0.79123
773,6/20/2019,Mid,48,2005.885417,1994.68125,17.83229167,1.103236979,1.097074688,1.100155833
774,6/21/2019,High,48,1088.9375,1002.802083,17.83395833,0.598915625,0.551541146,0.575228385
775,6/21/2019,Low,48,1470.527083,1450.3125,18.33,0.808789896,0.797671875,0.803230885
776,6/21/2019,Mid,48,2009.91875,1998.910417,18.09145833,1.105455313,1.099400729,1.102428021
777,6/22/2019,High,48,1088.891667,1002.822917,17.88645833,0.598890417,0.551552604,0.57522151
778,6/22/2019,Low,48,1478.916667,1459.25,18.38395833,0.813404167,0.8025875,0.807995833
779,6/22/2019,Mid,48,2007.077083,1996.01875,18.2,1.103892396,1.097810313,1.100851354
780,6/23/2019,High,48,1084.089583,997.60625,17.75083333,0.596249271,0.548683438,0.572466354
781,6/23/2019,Low,48,1476.195833,1456.702083,18.24479167,0.811907708,0.801186146,0.806546927
782,6/23/2019,Mid,48,1995.783333,1984.664583,18.13,1.097680833,1.091565521,1.094623177
783,6/24/2019,High,45,1075.535556,987.9244444,17.69466667,0.591544556,0.543358444,0.5674515
784,6/24/2019,Low,48,1469.1375,1449.74375,18.11604167,0.808025625,0.797359063,0.802692344
785,6/24/2019,Mid,48,1982.839583,1971.452083,18.025,1.090561771,1.084298646,1.087430208
786,6/25/2019,High,48,1074.972917,987.6,17.82041667,0.591235104,0.54318,0.567207552
787,6/25/2019,Low,48,1469.14375,1449.879167,18.20145833,0.808029063,0.797433542,0.802731302
788,6/25/2019,Mid,48,1977.383333,1966.129167,18.05020833,1.087560833,1.081371042,1.084465938
789,6/26/2019,High,48,1086.839583,1000.80625,18.09729167,0.597761771,0.550443438,0.574102604
790,6/26/2019,Low,48,1473.039583,1453.85625,18.48854167,0.810171771,0.799620938,0.804896354
791,6/26/2019,Mid,48,1980.889583,1969.795833,18.25416667,1.089489271,1.083387708,1.08643849
792,6/27/2019,High,48,1097.0875,1012.28125,18.32645833,0.603398125,0.556754688,0.580076406
793,6/27/2019,Low,48,1477.441667,1458.935417,18.72020833,0.812592917,0.802414479,0.807503698
794,6/27/2019,Mid,48,1982.9,1971.627083,18.439375,1.090595,1.084394896,1.087494948
795,6/28/2019,High,48,1106.2125,1022.31875,18.55333333,0.608416875,0.562275313,0.585346094
796,6/28/2019,Low,48,1480.602083,1462.004167,18.97104167,0.814331146,0.804102292,0.809216719
797,6/28/2019,Mid,48,1985.145833,1973.783333,18.61875,1.091830208,1.085580833,1.088705521
798,6/29/2019,High,48,1113.902083,1031.125,18.75854167,0.612646146,0.56711875,0.589882448
799,6/29/2019,Low,48,1484.21875,1465.995833,19.21770833,0.816320313,0.806297708,0.81130901
800,6/29/2019,Mid,48,1986.7375,1975.529167,18.805,1.092705625,1.086541042,1.089623333
801,6/3/2019,High,48,1085.489583,998.1395833,16.72520833,0.597019271,0.548976771,0.572998021
802,6/3/2019,Low,48,1349.66875,1322.74375,17.19520833,0.742317813,0.727509063,0.734913438
803,6/3/2019,Mid,48,2094.93125,2085.435417,16.97791667,1.152212188,1.146989479,1.149600833
804,6/30/2019,High,48,1120.4625,1038.560417,18.92,0.616254375,0.571208229,0.593731302
805,6/30/2019,Low,48,1495.33125,1477.547917,19.42645833,0.822432188,0.812651354,0.817541771
806,6/30/2019,Mid,48,1987.73125,1976.504167,18.969375,1.093252188,1.087077292,1.09016474
807,6/4/2019,High,48,1078.472917,990.39375,16.525,0.593160104,0.544716563,0.568938333
808,6/4/2019,Low,48,1353.904167,1327.020833,17.03479167,0.744647292,0.729861458,0.737254375
809,6/4/2019,Mid,48,2083.052083,2073.56875,16.90875,1.145678646,1.140462813,1.143070729
810,6/5/2019,High,48,1067.477083,977.9333333,16.21833333,0.587112396,0.537863333,0.562487865
811,6/5/2019,Low,48,1351.447917,1324.591667,16.7125,0.743296354,0.728525417,0.735910885
812,6/5/2019,Mid,48,2062.15,2052.520833,16.6775,1.1341825,1.128886458,1.131534479
813,6/6/2019,High,48,1068.860417,979.5083333,16.28708333,0.587873229,0.538729583,0.563301406
814,6/6/2019,Low,48,1360.33125,1333.572917,16.74020833,0.748182188,0.733465104,0.740823646
815,6/6/2019,Mid,48,2054.110417,2044.339583,16.654375,1.129760729,1.124386771,1.12707375
816,6/7/2019,High,48,1076.1375,987.8875,16.59645833,0.591875625,0.543338125,0.567606875
817,6/7/2019,Low,48,1373.76875,1347.4875,17.03708333,0.755572813,0.741118125,0.748345469
818,6/7/2019,Mid,48,2058.160417,2048.329167,16.863125,1.131988229,1.126581042,1.129284635
819,6/8/2019,High,48,1080.860417,993.2333333,16.81,0.594473229,0.546278333,0.570375781
820,6/8/2019,Low,48,1383.447917,1357.770833,17.245,0.760896354,0.746773958,0.753835156
821,6/8/2019,Mid,48,2061.252083,2051.466667,17.08208333,1.133688646,1.128306667,1.130997656
822,6/9/2019,High,48,1080.558333,993.0229167,16.86229167,0.594307083,0.546162604,0.570234844
823,6/9/2019,Low,48,1387.345833,1362.060417,17.34604167,0.763040208,0.749133229,0.756086719
824,6/9/2019,Mid,48,2060.6,2050.991667,17.20333333,1.13333,1.128045417,1.130687708
825,7/1/2019,High,48,1124.1375,1042.585417,18.98958333,0.618275625,0.573421979,0.595848802
826,7/1/2019,Low,48,1496.325,1478.089583,19.51083333,0.82297875,0.812949271,0.81796401
827,7/1/2019,Mid,48,1985.922917,1974.785417,19.06979167,1.092257604,1.086131979,1.089194792
828,7/10/2019,High,48,1116.864583,1035.202083,19.659375,0.614275521,0.569361146,0.591818333
829,7/10/2019,Low,48,1542.422917,1524.616667,20.36229167,0.848332604,0.838539167,0.843435885
830,7/10/2019,Mid,48,1982.5125,1971.48125,20.16166667,1.090381875,1.084314688,1.087348281
831,7/11/2019,High,48,1115.6625,1034,19.68083333,0.613614375,0.5687,0.591157188
832,7/11/2019,Low,48,1542.914583,1525.1625,20.37520833,0.848603021,0.838839375,0.843721198
833,7/11/2019,Mid,48,1974.8125,1963.98125,20.12708333,1.086146875,1.080189688,1.083168281
834,7/12/2019,High,48,1117.19375,1035.7625,19.79479167,0.614456563,0.569669375,0.592062969
835,7/12/2019,Low,48,1557.675,1540.40625,20.47416667,0.85672125,0.847223438,0.851972344
836,7/12/2019,Mid,48,1971.48125,1960.90625,20.19770833,1.084314688,1.078498438,1.081406563
837,7/13/2019,High,48,1118.9,1037.4375,19.906875,0.615395,0.570590625,0.592992813
838,7/13/2019,Low,48,1567.179167,1550.410417,20.58958333,0.861948542,0.852725729,0.857337135
839,7/13/2019,Mid,48,1968.858333,1958.51875,20.28208333,1.082872083,1.077185313,1.080028698
840,7/14/2019,High,48,1119.44375,1038.275,19.983125,0.615694063,0.57105125,0.593372656
841,7/14/2019,Low,48,1568.216667,1551.95625,20.65625,0.862519167,0.853575938,0.858047552
842,7/14/2019,Mid,48,1966.45,1955.808333,20.34895833,1.0815475,1.075694583,1.078621042
843,7/15/2019,High,48,1121.45,1040.6875,20.11041667,0.6167975,0.572378125,0.594587813
844,7/15/2019,Low,48,1566.389583,1550.047917,20.775,0.861514271,0.852526354,0.857020313
845,7/15/2019,Mid,48,1965.091667,1954.347917,20.42958333,1.080800417,1.074891354,1.077845885
846,7/16/2019,High,48,1120.966667,1040.097917,20.16125,0.616531667,0.572053854,0.59429276
847,7/16/2019,Low,48,1558.233333,1542.060417,20.8375,0.857028333,0.848133229,0.852580781
848,7/16/2019,Mid,48,1961.3875,1950.54375,20.48229167,1.078763125,1.072799063,1.075781094
849,7/17/2019,High,48,1122.75625,1042.183333,20.301875,0.617515938,0.573200833,0.595358385
850,7/17/2019,Low,48,1547.789583,1531.577083,20.98583333,0.851284271,0.842367396,0.846825833
851,7/17/2019,Mid,48,1958.845833,1948.122917,20.58,1.077365208,1.071467604,1.074416406
852,7/18/2019,High,48,1126.7875,1047.110417,20.55833333,0.619733125,0.575910729,0.597821927
853,7/18/2019,Low,48,1543.529167,1527.858333,21.25041667,0.848941042,0.840322083,0.844631563
854,7/18/2019,Mid,48,1959.158333,1948.45,20.77645833,1.077537083,1.0716475,1.074592292
855,7/19/2019,High,48,1129.3,1050.004167,20.74083333,0.621115,0.577502292,0.599308646
856,7/19/2019,Low,48,1539.654167,1523.995833,21.4525,0.846809792,0.838197708,0.84250375
857,7/19/2019,Mid,48,1954.214583,1943.235417,20.949375,1.074818021,1.068779479,1.07179875
858,7/2/2019,High,48,1123.902083,1042.34375,18.90833333,0.618146146,0.573289063,0.595717604
859,7/2/2019,Low,48,1491.510417,1472.4375,19.46375,0.820330729,0.809840625,0.815085677
860,7/2/2019,Mid,48,1980.90625,1969.816667,19.095625,1.089498438,1.083399167,1.086448802
861,7/20/2019,High,48,1133.65,1055.308333,20.96541667,0.6235075,0.580419583,0.601963542
862,7/20/2019,Low,48,1520.0875,1504.014583,21.71729167,0.836048125,0.827208021,0.831628073
863,7/20/2019,Mid,48,1972.208333,1961.46875,21.19166667,1.084714583,1.078807813,1.081761198
864,7/21/2019,High,48,1139.39375,1062.060417,21.26,0.626666563,0.584133229,0.605399896
865,7/21/2019,Low,48,1501.8125,1486.045833,22.03041667,0.825996875,0.817325208,0.821661042
866,7/21/2019,Mid,48,1986.816667,1976.1625,21.49520833,1.092749167,1.086889375,1.089819271
867,7/22/2019,High,48,1144.622917,1068.229167,21.53416667,0.629542604,0.587526042,0.608534323
868,7/22/2019,Low,48,1487.308333,1471.804167,22.29083333,0.818019583,0.809492292,0.813755938
869,7/22/2019,Mid,48,1995.354167,1984.5375,21.7575,1.097444792,1.091495625,1.094470208
870,7/23/2019,High,48,1145.129167,1068.939583,21.6425,0.629821042,0.587916771,0.608868906
871,7/23/2019,Low,48,1463.9,1446.1875,22.383125,0.805145,0.795403125,0.800274063
872,7/23/2019,Mid,48,2011.652083,2001.241667,21.94208333,1.106408646,1.100682917,1.103545781
873,7/24/2019,High,48,1136.275,1058.710417,21.41520833,0.62495125,0.582290729,0.60362099
874,7/24/2019,Low,48,1456.004167,1437.702083,22.12020833,0.800802292,0.790736146,0.795769219
875,7/24/2019,Mid,48,2024.55625,2014.335417,21.84791667,1.113505938,1.107884479,1.110695208
876,7/25/2019,High,48,1125.910417,1046.75,21.10520833,0.619250729,0.5757125,0.597481615
877,7/25/2019,Low,48,1421.129167,1401.208333,21.84583333,0.781621042,0.770664583,0.776142813
878,7/25/2019,Mid,48,2369.1875,2365.591667,21.67375,1.303053125,1.301075417,1.302064271
879,7/26/2019,High,48,1119.208333,1038.766667,20.888125,0.615564583,0.571321667,0.593443125
880,7/26/2019,Low,48,1370.98125,1349.235417,21.64291667,0.754039688,0.742079479,0.748059583
881,7/26/2019,Mid,48,2396.760417,2393.6625,21.58729167,1.318218229,1.316514375,1.317366302
882,7/27/2019,High,48,1114.525,1033.6625,20.75770833,0.61298875,0.568514375,0.590751563
883,7/27/2019,Low,48,1329.5375,1306.679167,21.46479167,0.731245625,0.718673542,0.724959583
884,7/27/2019,Mid,48,2366.327083,2362.785417,21.47458333,1.301479896,1.299531979,1.300505938
885,7/28/2019,High,48,1113.8125,1032.55,20.77166667,0.612596875,0.5679025,0.590249688
886,7/28/2019,Low,48,1286.391667,1262.020833,21.420625,0.707515417,0.694111458,0.700813438
887,7/28/2019,Mid,48,2410.23125,2407.410417,21.451875,1.325627188,1.324075729,1.324851458
888,7/29/2019,High,48,1116.5875,1035.754167,20.92395833,0.614123125,0.569664792,0.591893958
889,7/29/2019,Low,48,1260.145833,1235.36875,21.55541667,0.693080208,0.679452813,0.68626651
890,7/29/2019,Mid,48,2646.5125,2647.004167,21.55395833,1.455581875,1.455852292,1.455717083
891,7/3/2019,High,48,1125.679167,1044.375,18.93708333,0.619123542,0.57440625,0.596764896
892,7/3/2019,Low,48,1491.829167,1472.533333,19.52541667,0.820506042,0.809893333,0.815199688
893,7/3/2019,Mid,48,1978.216667,1967.208333,19.1475,1.088019167,1.081964583,1.084991875
894,7/30/2019,High,48,1121.225,1041.327083,21.15645833,0.61667375,0.572729896,0.594701823
895,7/30/2019,Low,48,1219.870833,1194.016667,21.81104167,0.670928958,0.656709167,0.663819063
896,7/30/2019,Mid,48,2697.645833,2698.683333,21.74083333,1.483705208,1.484275833,1.483990521
897,7/31/2019,High,48,1123.816667,1044.616667,21.36166667,0.618099167,0.574539167,0.596319167
898,7/31/2019,Low,48,1261.527083,1237.116667,22.03770833,0.693839896,0.680414167,0.687127031
899,7/31/2019,Mid,48,3007.383333,3010.995833,21.93916667,1.654060833,1.656047708,1.655054271
900,7/4/2019,High,48,1129.408333,1048.8625,19.111875,0.621174583,0.576874375,0.599024479
901,7/4/2019,Low,48,1496.108333,1476.725,19.69645833,0.822859583,0.81219875,0.817529167
902,7/4/2019,Mid,48,1979.641667,1968.514583,19.29520833,1.088802917,1.082683021,1.085742969
903,7/5/2019,High,48,1133.01875,1053.175,19.34395833,0.623160313,0.57924625,0.601203281
904,7/5/2019,Low,48,1507.516667,1488.49375,19.9375,0.829134167,0.818671563,0.823902865
905,7/5/2019,Mid,48,1984.2,1973.25625,19.5175,1.09131,1.085290938,1.088300469
906,7/6/2019,High,48,1133.7375,1054.2875,19.550625,0.623555625,0.579858125,0.601706875
907,7/6/2019,Low,48,1516.214583,1497.589583,20.19895833,0.833918021,0.823674271,0.828796146
908,7/6/2019,Mid,48,1989.658333,1978.772917,19.765,1.094312083,1.088325104,1.091318594
909,7/7/2019,High,48,1134.225,1055.09375,19.77291667,0.62382375,0.580301563,0.602062656
910,7/7/2019,Low,48,1528.083333,1509.908333,20.45541667,0.840445833,0.830449583,0.835447708
911,7/7/2019,Mid,48,1995.247917,1984.7375,20.02125,1.097386354,1.091605625,1.09449599
912,7/8/2019,High,48,1130.89375,1051.070833,19.86958333,0.621991563,0.578088958,0.60004026
913,7/8/2019,Low,48,1534.93125,1517.0375,20.52895833,0.844212188,0.834370625,0.839291406
914,7/8/2019,Mid,48,1997.1875,1986.477083,20.18375,1.098453125,1.092562396,1.09550776
915,7/9/2019,High,48,1123.470833,1042.652083,19.79145833,0.617908958,0.573458646,0.595683802
916,7/9/2019,Low,48,1541.858333,1524.03125,20.461875,0.848022083,0.838217188,0.843119635
917,7/9/2019,Mid,48,1992.94375,1982.235417,20.240625,1.096119063,1.090229479,1.093174271
918,8/1/2019,High,48,1123.647917,1044.333333,21.43395833,0.618006354,0.574383333,0.596194844
919,8/1/2019,Low,48,1353.175,1331.458333,22.124375,0.74424625,0.732302083,0.738274167
920,8/1/2019,Mid,48,2990.260417,2994.16875,22.04354167,1.644643229,1.646792813,1.645718021
921,8/10/2019,High,48,1109.916667,1028.795833,21.49916667,0.610454167,0.565837708,0.588145938
922,8/10/2019,Low,48,2017.86875,2011.966667,22.37041667,1.109827813,1.106581667,1.10820474
923,8/10/2019,Mid,48,4688.304167,4677.21875,22.65,2.578567292,2.572470313,2.575518802
924,8/11/2019,High,48,1104.014583,1022.220833,21.299375,0.607208021,0.562221458,0.58471474
925,8/11/2019,Low,48,2000.504167,1993.852083,22.12895833,1.100277292,1.096618646,1.098447969
926,8/11/2019,Mid,48,4689.754167,4678.71875,22.48979167,2.579364792,2.573295313,2.576330052
927,8/12/2019,High,48,1096.891667,1014.235417,21.045625,0.603290417,0.557829479,0.580559948
928,8/12/2019,Low,48,1948.1875,1939.610417,21.834375,1.071503125,1.066785729,1.069144427
929,8/12/2019,Mid,48,4528.458333,4519.54375,22.28479167,2.490652083,2.485749063,2.488200573
930,8/13/2019,High,48,1094.808333,1012.0375,20.986875,0.602144583,0.556620625,0.579382604
931,8/13/2019,Low,48,2086.295833,2083.6,21.72708333,1.147462708,1.14598,1.146721354
932,8/13/2019,Mid,48,5258.89375,5232.09375,22.19645833,2.892391563,2.877651563,2.885021563
933,8/14/2019,High,48,1098.304167,1015.777083,21.138125,0.604067292,0.558677396,0.581372344
934,8/14/2019,Low,48,2062.59375,2059.091667,21.84895833,1.134426563,1.132500417,1.13346349
935,8/14/2019,Mid,48,5136.089583,5111.783333,22.26666667,2.824849271,2.811480833,2.818165052
936,8/15/2019,High,48,1103.333333,1021.55,21.3325,0.606833333,0.5618525,0.584342917
937,8/15/2019,Low,48,2138.935417,2138.664583,21.9775,1.176414479,1.176265521,1.17634
938,8/15/2019,Mid,48,4953.09375,4932.814583,22.34833333,2.724201563,2.713048021,2.718624792
939,8/16/2019,High,48,1628.772917,1628.322917,21.45229167,0.895825104,0.895577604,0.895701354
940,8/16/2019,Low,48,2445.31875,2456.279167,22.11854167,1.344925313,1.350953542,1.347939427
941,8/16/2019,Mid,48,6039.13125,5981.185417,22.479375,3.321522188,3.289651979,3.305587083
942,8/17/2019,High,48,1796.635417,1822.645833,21.63145833,0.988149479,1.002455208,0.995302344
943,8/17/2019,Low,48,2529.189583,2541.470833,22.339375,1.391054271,1.397808958,1.394431615
944,8/17/2019,Mid,48,6257.675,6190.841667,22.72229167,3.44172125,3.404962917,3.423342083
945,8/18/2019,High,48,1756.78125,1776.125,21.78916667,0.966229688,0.97686875,0.971549219
946,8/18/2019,Low,48,2612.30625,2625.039583,22.523125,1.436768438,1.443771771,1.440270104
947,8/18/2019,Mid,48,6518.229167,6440.895833,22.94395833,3.585026042,3.542492708,3.563759375
948,8/19/2019,High,48,1721.18125,1734.385417,21.94979167,0.946649688,0.953911979,0.950280833
949,8/19/2019,Low,48,2771.65,2787.939583,22.720625,1.5244075,1.533366771,1.528887135
950,8/19/2019,Mid,48,6837.7875,6747.270833,23.174375,3.760783125,3.710998958,3.735891042
951,8/2/2019,High,48,1120.772917,1040.979167,21.408125,0.616425104,0.572538542,0.594481823
952,8/2/2019,Low,48,1635.160417,1617.920833,22.07875,0.899338229,0.889856458,0.894597344
953,8/2/2019,Mid,48,3219.041667,3223.585417,22.03958333,1.770472917,1.772971979,1.771722448
954,8/20/2019,High,48,1690.55625,1698.758333,22.11041667,0.929805938,0.934317083,0.93206151
955,8/20/2019,Low,48,2901.314583,2920.002083,22.92020833,1.595723021,1.606001146,1.600862083
956,8/20/2019,Mid,48,7092.552083,6990.085417,23.37854167,3.900903646,3.844546979,3.872725313
957,8/21/2019,High,48,1662.310417,1666.383333,22.18791667,0.914270729,0.916510833,0.915390781
958,8/21/2019,Low,48,2858.285417,2876.289583,23.003125,1.572056979,1.581959271,1.577008125
959,8/21/2019,Mid,48,6908.377083,6814.4,23.44625,3.799607396,3.74792,3.773763698
960,8/22/2019,High,48,1626.50625,1624.80625,22.18770833,0.894578438,0.893643438,0.894110938
961,8/22/2019,Low,48,2964.689583,2985.4625,23.01041667,1.630579271,1.642004375,1.636291823
962,8/22/2019,Mid,48,7237.9375,7129.666667,23.52604167,3.980865625,3.921316667,3.951091146
963,8/23/2019,High,48,1602.710417,1596.725,22.22770833,0.881490729,0.87819875,0.87984474
964,8/23/2019,Low,48,2936.00625,2956.141667,23.03270833,1.614803438,1.625877917,1.620340677
965,8/23/2019,Mid,48,6956.1625,6860.258333,23.58625,3.825889375,3.773142083,3.799515729
966,8/24/2019,High,48,1613.770833,1609.80625,21.96291667,0.887573958,0.885393438,0.886483698
967,8/24/2019,Low,48,2935.627083,2955.420833,22.765,1.614594896,1.625481458,1.620038177
968,8/24/2019,Mid,48,6696.11875,6611.525,23.4125,3.682865313,3.63633875,3.659602031
969,8/25/2019,High,48,1569.160417,1557.202083,21.45583333,0.863038229,0.856461146,0.859749688
970,8/25/2019,Low,48,3098.333333,3122.75625,22.25416667,1.704083333,1.717515938,1.710799635
971,8/25/2019,Mid,48,7162.489583,7057.708333,23.001875,3.939369271,3.881739583,3.910554427
972,8/26/2019,High,48,1731.139583,1746.00625,21.01875,0.952126771,0.960303438,0.956215104
973,8/26/2019,Low,48,3240.09375,3265.383333,21.834375,1.782051563,1.795960833,1.789006198
974,8/26/2019,Mid,48,7523.979167,7399.777083,22.64791667,4.138188542,4.069877396,4.104032969
975,8/27/2019,High,74,1977.5,2027.345946,19.69513514,1.087625,1.11504027,1.101332635
976,8/27/2019,Low,48,3783.089583,3809.183333,21.620625,2.080699271,2.095050833,2.087875052
977,8/27/2019,Mid,48,8191.325,8032.479167,22.41354167,4.50522875,4.417863542,4.461546146
978,8/28/2019,High,67,1454.401493,1425.4,18.64686567,0.799920821,0.78397,0.79194541
979,8/28/2019,Low,24,4066.5125,4087.483333,21.51625,2.236581875,2.248115833,2.242348854
980,8/28/2019,Mid,47,8037.176596,7889.046809,22.30510638,4.420447128,4.338975745,4.379711436
981,8/29/2019,High,48,1086.839583,1000.80625,18.09729167,0.597761771,0.550443438,0.574102604
982,8/29/2019,Mid,48,7970.072917,7823.239583,22.23666667,4.383540104,4.302781771,4.343160938
983,8/3/2019,High,48,1116.760417,1036.202083,21.37645833,0.614218229,0.569911146,0.592064688
984,8/3/2019,Low,48,1630.060417,1612.972917,22.054375,0.896533229,0.887135104,0.891834167
985,8/3/2019,Mid,48,3401.245833,3405.920833,22.105625,1.870685208,1.873256458,1.871970833
986,8/30/2019,High,48,1097.0875,1012.28125,18.32645833,0.603398125,0.556754688,0.580076406
987,8/30/2019,Mid,48,8144.233333,7988.1375,22.16979167,4.479328333,4.393475625,4.436401979
988,8/31/2019,High,48,1106.2125,1022.31875,18.55333333,0.608416875,0.562275313,0.585346094
989,8/31/2019,Mid,48,8424.39375,8249.845833,22.1475,4.633416563,4.537415208,4.585415885
990,8/4/2019,High,48,1115.0625,1034.375,21.39104167,0.613284375,0.56890625,0.591095313
991,8/4/2019,Low,48,1721.504167,1706.35625,22.071875,0.946827292,0.938495938,0.942661615
992,8/4/2019,Mid,48,3536.51875,3541.202083,22.13125,1.945085313,1.947661146,1.946373229
993,8/5/2019,High,48,1114.96875,1034.454167,21.45916667,0.613232813,0.568949792,0.591091302
994,8/5/2019,Low,48,1804.072917,1791.391667,22.17270833,0.992240104,0.985265417,0.98875276
995,8/5/2019,Mid,48,3710.316667,3713.902083,22.24625,2.040674167,2.042646146,2.041660156
996,8/6/2019,High,48,1114.035417,1033.339583,21.489375,0.612719479,0.568336771,0.590528125
997,8/6/2019,Low,48,1827.95,1815.80625,22.20479167,1.0053725,0.998693438,1.002032969
998,8/6/2019,Mid,48,3834.045833,3836.414583,22.33166667,2.108725208,2.110028021,2.109376615
999,8/7/2019,High,48,1113.795833,1033.108333,21.53020833,0.612587708,0.568209583,0.590398646
1000,8/7/2019,Low,48,1902.029167,1892.225,22.330625,1.046116042,1.04072375,1.043419896
1001,8/7/2019,Mid,48,4459.066667,4454.977083,22.41125,2.452486667,2.450237396,2.451362031
1002,8/8/2019,High,48,1114.052083,1033.475,21.57854167,0.612728646,0.56841125,0.590569948
1003,8/8/2019,Low,48,1994.63125,1988.175,22.46416667,1.097047188,1.09349625,1.095271719
1004,8/8/2019,Mid,48,4484.839583,4477.74375,22.57916667,2.466661771,2.462759063,2.464710417
1005,8/9/2019,High,48,1111.9125,1031.177083,21.535625,0.611551875,0.567147396,0.589349635
1006,8/9/2019,Low,48,1993.164583,1986.529167,22.42375,1.096240521,1.092591042,1.094415781
1007,8/9/2019,Mid,48,4549.49375,4541.108333,22.64958333,2.502221563,2.497609583,2.499915573
1008,9/1/2019,High,48,1113.902083,1031.125,18.75854167,0.612646146,0.56711875,0.589882448
1009,9/1/2019,Mid,48,8303.654167,8139.316667,22.23791667,4.567009792,4.476624167,4.521816979
1010,9/10/2019,High,48,1130.89375,1051.070833,19.86958333,0.621991563,0.578088958,0.60004026
1011,9/10/2019,Mid,48,9826.164583,9570.945833,22.186875,5.404390521,5.264020208,5.334205365
1012,9/11/2019,High,48,1123.470833,1042.652083,19.79145833,0.617908958,0.573458646,0.595683802
1013,9/11/2019,Mid,48,10358.63333,10076.125,22.18666667,5.697248333,5.54186875,5.619558542
1014,9/12/2019,High,48,1116.864583,1035.202083,19.659375,0.614275521,0.569361146,0.591818333
1015,9/12/2019,Mid,48,10367.88333,10077.22917,22.378125,5.702335833,5.542476042,5.622405938
1016,9/13/2019,High,48,1115.6625,1034,19.68083333,0.613614375,0.5687,0.591157188
1017,9/13/2019,Mid,48,10366.20833,10084.24583,22.62416667,5.701414583,5.546335208,5.623874896
1018,9/14/2019,High,48,1117.19375,1035.7625,19.79479167,0.614456563,0.569669375,0.592062969
1019,9/14/2019,Mid,48,11156.70417,10817.30417,22.511875,6.136187292,5.949517292,6.042852292
1020,9/15/2019,High,48,1118.9,1037.4375,19.906875,0.615395,0.570590625,0.592992813
1021,9/15/2019,Mid,48,10779.00833,10461.1125,22.35770833,5.928454583,5.753611875,5.841033229
1022,9/16/2019,High,48,1119.44375,1038.275,19.983125,0.615694063,0.57105125,0.593372656
1023,9/16/2019,Mid,48,10367.01458,10076.67708,22.36583333,5.701858021,5.542172396,5.622015208
1024,9/17/2019,High,48,1121.45,1040.6875,20.11041667,0.6167975,0.572378125,0.594587813
1025,9/17/2019,Mid,48,10424.40417,10144.04167,22.36541667,5.733422292,5.579222917,5.656322604
1026,9/18/2019,High,48,1120.966667,1040.097917,20.16125,0.616531667,0.572053854,0.59429276
1027,9/18/2019,Mid,48,11201.675,10855.49167,22.35645833,6.16092125,5.970520417,6.065720833
1028,9/19/2019,High,48,1122.75625,1042.183333,20.301875,0.617515938,0.573200833,0.595358385
1029,9/19/2019,Mid,48,11665.00833,11283.38542,22.31770833,6.415754583,6.205861979,6.310808281
1030,9/2/2019,High,48,1120.4625,1038.560417,18.92,0.616254375,0.571208229,0.593731302
1031,9/2/2019,Mid,48,8984.172917,8788.554167,22.37479167,4.941295104,4.833704792,4.887499948
1032,9/20/2019,High,48,1126.7875,1047.110417,20.55833333,0.619733125,0.575910729,0.597821927
1033,9/20/2019,Mid,48,11599.825,11222.74167,22.25020833,6.37990375,6.172507917,6.276205833
1034,9/21/2019,High,48,1129.3,1050.004167,20.74083333,0.621115,0.577502292,0.599308646
1035,9/21/2019,Mid,48,11185.8125,10836.77083,22.02291667,6.152196875,5.960223958,6.056210417
1036,9/22/2019,High,48,1133.65,1055.308333,20.96541667,0.6235075,0.580419583,0.601963542
1037,9/22/2019,Mid,48,10726.26458,10410.40208,21.88520833,5.899445521,5.725721146,5.812583333
1038,9/23/2019,High,48,1139.39375,1062.060417,21.26,0.626666563,0.584133229,0.605399896
1039,9/23/2019,Mid,48,11315.66042,10970.71667,21.99208333,6.223613229,6.033894167,6.128753698
1040,9/24/2019,High,48,1144.622917,1068.229167,21.53416667,0.629542604,0.587526042,0.608534323
1041,9/24/2019,Mid,48,11336.17292,10977.51875,22.219375,6.234895104,6.037635313,6.136265208
1042,9/25/2019,High,48,1145.129167,1068.939583,21.6425,0.629821042,0.587916771,0.608868906
1043,9/25/2019,Mid,48,10939.13958,10608.7,22.26791667,6.016526771,5.834785,5.925655885
1044,9/26/2019,High,48,1136.275,1058.710417,21.41520833,0.62495125,0.582290729,0.60362099
1045,9/26/2019,Mid,48,12524.4625,12077.44375,22.07416667,6.888454375,6.642594063,6.765524219
1046,9/27/2019,High,48,1125.910417,1046.75,21.10520833,0.619250729,0.5757125,0.597481615
1047,9/27/2019,Mid,48,12515.92917,12066.74583,22.07541667,6.883761042,6.636710208,6.760235625
1048,9/28/2019,High,48,1119.208333,1038.766667,20.888125,0.615564583,0.571321667,0.593443125
1049,9/28/2019,Mid,48,13122.6875,12623.675,22.06125,7.217478125,6.94302125,7.080249688
1050,9/29/2019,High,48,1114.525,1033.6625,20.75770833,0.61298875,0.568514375,0.590751563
1051,9/29/2019,Mid,48,12856.22917,12379.09583,22.07791667,7.070926042,6.808502708,6.939714375
1052,9/3/2019,High,48,1124.1375,1042.585417,18.98958333,0.618275625,0.573421979,0.595848802
1053,9/3/2019,Mid,48,9269.5,9050.1,22.5825,5.098225,4.977555,5.03789
1054,9/30/2019,High,48,1113.8125,1032.55,20.77166667,0.612596875,0.5679025,0.590249688
1055,9/30/2019,Mid,48,13266.8,12758.03958,22.20541667,7.29674,7.016921771,7.156830885
1056,9/4/2019,High,48,1123.902083,1042.34375,18.90833333,0.618146146,0.573289063,0.595717604
1057,9/4/2019,Mid,48,9632.177083,9392.991667,22.80354167,5.297697396,5.166145417,5.231921406
1058,9/5/2019,High,48,1125.679167,1044.375,18.93708333,0.619123542,0.57440625,0.596764896
1059,9/5/2019,Mid,48,9991.185417,9729.052083,22.97895833,5.495151979,5.350978646,5.423065313
1060,9/6/2019,High,48,1129.408333,1048.8625,19.111875,0.621174583,0.576874375,0.599024479
1061,9/6/2019,Mid,48,9453.716667,9224.5125,22.985625,5.199544167,5.073481875,5.136513021
1062,9/7/2019,High,48,1133.01875,1053.175,19.34395833,0.623160313,0.57924625,0.601203281
1063,9/7/2019,Mid,48,10028.92917,9781.71875,22.38416667,5.515911042,5.379945313,5.447928177
1064,9/8/2019,High,48,1133.7375,1054.2875,19.550625,0.623555625,0.579858125,0.601706875
1065,9/8/2019,Mid,48,10484.13333,10191.01667,22.24333333,5.766273333,5.605059167,5.68566625
1066,9/9/2019,High,48,1134.225,1055.09375,19.77291667,0.62382375,0.580301563,0.602062656
1067,9/9/2019,Mid,48,10148.06667,9875.2375,22.22666667,5.581436667,5.431380625,5.506408646
1068,1/1/2020,Mid,48,6495.51875,6450.452083,10.14875,3.572535313,3.547748646,3.560141979
1069,1/10/2020,Mid,48,6070.177083,6009.991667,9.244375,3.338597396,3.305495417,3.322046406
1070,1/11/2020,Mid,48,6064.735417,6003.99375,9.332916667,3.335604479,3.302196563,3.318900521
1071,1/12/2020,Mid,48,6125.75,6061.414583,9.757916667,3.3691625,3.333778021,3.35147026
1072,1/13/2020,Mid,48,6181.958333,6113.908333,10.15916667,3.400077083,3.362649583,3.381363333
1073,1/14/2020,Mid,48,6179.260417,6110.445833,10.249375,3.398593229,3.360745208,3.379669219
1074,1/15/2020,Mid,48,6170.772917,6101.641667,10.28645833,3.393925104,3.355902917,3.37491401
1075,1/16/2020,Mid,48,6160.835417,6091.904167,10.32,3.388459479,3.350547292,3.369503385
1076,1/17/2020,Mid,48,6112.74375,6045.891667,10.18666667,3.362009063,3.325240417,3.34362474
1077,1/18/2020,Mid,48,6030.460417,5968.09375,9.858333333,3.316753229,3.282451563,3.299602396
1078,1/19/2020,Mid,48,5957.577083,5898.610417,9.617083333,3.276667396,3.244235729,3.260451563
1079,1/2/2020,Mid,48,6432.720833,6383.270833,10.011875,3.537996458,3.510798958,3.524397708
1080,1/20/2020,Mid,48,5896.9125,5841.397917,9.412708333,3.243301875,3.212768854,3.228035365
1081,1/21/2020,Mid,48,5830.370833,5779.327083,9.155833333,3.206703958,3.178629896,3.192666927
1082,1/22/2020,Mid,48,5760.422917,5713.8625,8.88,3.168232604,3.142624375,3.15542849
1083,1/23/2020,Mid,48,5674.8625,5606.960417,8.589375,3.121174375,3.083828229,3.102501302
1084,1/24/2020,Mid,28,5618.821429,5409.810714,8.392857143,3.090351786,2.975395893,3.032873839
1085,1/3/2020,Mid,48,6376.454167,6323.475,9.873958333,3.507049792,3.47791125,3.492480521
1086,1/4/2020,Mid,48,6385.125,6325.964583,10.01125,3.51181875,3.479280521,3.495549635
1087,1/5/2020,Mid,48,6388.658333,6324.454167,10.11291667,3.513762083,3.478449792,3.496105938
1088,1/6/2020,Mid,48,6344.541667,6277.75625,10.01145833,3.489497917,3.452765938,3.471131927
1089,1/7/2020,Mid,48,6284.895833,6218.05,9.839166667,3.456692708,3.4199275,3.438310104
1090,1/8/2020,Mid,48,6191.385417,6127.345833,9.540416667,3.405261979,3.370040208,3.387651094
1091,1/9/2020,Mid,48,6120.222917,6059.00625,9.353958333,3.366122604,3.332453438,3.349288021
