date,time,CO2_flux,Collar,CH4_flux,T5,SM5
2019-06-07,09:47:11,15.382,116,-5.06336,22.6,0.236
2019-06-07,09:48:46,5.46967,116,-1.57608,22.4,0.235
2019-06-07,09:57:01,10.9289,115,-1.29735,22.6,0.252
2019-06-07,09:58:36,6.27762,115,-0.965494,21.9,0.256
2019-06-07,10:01:08,9.83584,114,-0.948348,21.9,0
2019-06-07,10:02:43,4.66026,114,-0.724891,21.9,0.253
2019-06-07,10:07:16,7.01778,113,-0.456282,21.7,0.387
2019-06-07,10:14:01,13.5319,111,-2.86584,21.9,0
2019-06-07,10:15:36,10.5949,111,-9.0277,22.1,0.204
2019-06-07,10:19:09,24.7876,110,-1.90073,22.1,0
2019-06-07,10:20:44,10.2182,110,-1.58274,21.9,0.277
2019-06-07,10:23:47,22.1851,112,-4.69982,21.9,0
2019-06-07,10:25:23,9.38778,112,-2.65952,21.9,0.235
2019-06-07,10:28:47,24.9844,109,-4.78684,21.9,0.282
2019-06-07,10:30:23,12.2708,109,-11.0635,21.9,0.284
2019-06-07,10:34:11,10.9739,6,-1.53335,21.9,0
2019-06-07,10:35:46,7.75465,6,-0.401652,22.1,0.155
2019-06-07,10:38:58,15.8261,93,-3.50839,22.1,0.192
2019-06-07,10:40:33,6.95991,93,0.440891,22.1,0.19
2019-06-07,10:43:13,33.0096,5,-3.98386,22.1,0
2019-06-07,10:44:49,11.6531,5,-0.91135,22.1,0.308
2019-06-07,10:47:42,10.5217,36,-0.417992,22.1,0.31
2019-06-07,10:51:47,8.78137,76,-0.830713,21.9,0.319
2019-06-07,10:53:22,6.39382,76,0.261275,22.1,0.317
2019-06-07,10:56:36,22.8561,16,58.9204,22.4,0.433
2019-06-07,10:58:11,12.7656,16,43.2956,22.1,0.431
2019-06-07,11:01:15,4.6806,74,0.134754,21.9,0
2019-06-07,11:02:50,5.52687,74,0.681047,21.9,0.331
2019-06-07,11:10:22,7.47115,94,-0.507811,21.7,0.361
2019-06-07,11:11:58,6.42102,94,-3.16199,21.5,0.361
2019-06-07,11:14:49,6.59119,14,-0.0884518,21.7,0.237
2019-06-07,11:20:16,6.43703,14,-0.6206,21.5,0.24
2019-06-07,11:23:00,12.4468,35,32.7754,21.5,0
2019-06-07,11:24:35,8.0075,35,22.4236,21.1,0.487
2019-06-07,11:27:56,12.0899,13,1.69164,21.3,0
2019-06-07,11:29:31,4.81682,13,2.18362,21.3,0.457
2019-06-07,11:32:43,10.8701,7,1.04535,21.3,0.482
2019-06-07,11:34:19,8.48707,7,0.428297,21.3,0.485
2019-06-07,11:37:16,15.6674,73,0.198991,21.3,0
2019-06-07,11:38:51,17.6275,73,-0.377417,21.5,0.364
2019-06-07,11:41:57,9.36309,15,-0.385038,21.5,0.351
2019-06-07,11:43:32,4.41553,15,0.522608,21.7,0.352
2019-06-07,11:46:18,16.2331,96,2.15178,21.9,0
2019-06-07,11:47:53,8.78917,96,2.31846,21.9,0.301
2019-06-07,11:50:30,10.1353,34,-8.44093,21.9,0.396
2019-06-07,11:52:05,4.16922,34,-0.277003,21.9,0.398
2019-06-07,11:55:04,15.1801,75,0.789448,22.1,0.388
2019-06-07,11:56:40,9.406,75,1.16216,22.1,0.388
2019-06-07,11:59:59,39.7787,8,-3.70096,22.4,0.219
2019-06-07,12:01:34,12.9126,8,-0.848146,22.4,0.219
2019-06-07,12:04:31,67.6437,95,-12.4899,22.4,0.198
2019-06-07,12:06:07,20.2174,95,-2.68233,22.6,0.197
2019-06-07,12:09:07,10.6929,33,-0.582479,22.6,0.359
2019-06-07,12:10:42,8.07951,33,-0.43802,22.6,0.363
2019-06-07,14:04:16,14.9979,121,-1.54328,23.7,0.238
2019-06-07,14:05:51,8.21243,121,-5.72066,23.7,0.238
2019-06-07,14:08:43,11.0462,124,-1.67978,23.3,0
2019-06-07,14:10:18,7.19964,124,-1.32385,23,0.274
2019-06-07,14:13:14,23.3254,122,-7.25438,22.8,0.244
2019-06-07,14:14:50,8.18237,122,-2.15321,22.8,0.244
2019-06-07,14:17:35,23.8903,123,-3.62207,22.6,0.275
2019-06-07,14:19:10,12.6104,123,-2.44327,22.8,0.276182
2019-06-07,14:22:37,43.1121,120,-10.4723,22.8,0
2019-06-07,14:24:12,11.7303,120,-2.07034,22.8,0.212
2019-06-07,14:31:36,20.4685,119,-6.89897,22.8,0.168
2019-06-07,14:33:12,6.5372,119,-1.88785,22.8,0.169
2019-06-07,14:36:05,9.28528,118,-1.34311,22.8545,0.222727
2019-06-07,14:37:41,5.04794,118,-0.929636,22.6,0.227
2019-06-07,14:41:42,10.785,21,1.12454,22.6,0.5
2019-06-07,14:43:18,3.25243,21,0.00377599,21.9,0.503
2019-06-07,14:46:14,34.3437,11,0.0858505,21.9,0.497
2019-06-07,14:50:18,15.6009,28,3.82921,21.7,0.426
2019-06-07,14:51:54,3.94246,28,-0.387459,21.5,0.426
2019-06-07,14:54:46,16.7475,80,-1.21669,21.5,0.372
2019-06-07,15:00:08,13.9742,77,-0.109823,21.5,1.249e-16
2019-06-07,15:01:43,4.49324,77,-0.739106,21.5,0.409
2019-06-07,15:05:12,28.3696,25,-0.612923,21.7,0.408
2019-06-07,15:06:48,7.55882,25,-0.367925,21.7,0.407
2019-06-07,15:09:10,15.6195,79,-2.7869,21.5818,0.111864
2019-06-07,15:10:45,5.73662,79,-0.652742,21.7,0.272
2019-06-07,15:13:06,24.2144,9,-1.25212,21.6545,-0.103636
2019-06-07,15:14:42,6.08041,9,-4.39764,21.7,0.456
2019-06-07,15:17:32,7.16005,78,5.24364,21.7,0.487
2019-06-07,15:19:08,5.9447,78,2.87936,21.9,0.484
2019-06-07,15:22:57,3.32217,12,-0.255443,22.1,0.361
2019-06-07,15:25:41,14.7177,26,5.3473,22.1,0.48
2019-06-07,15:27:16,4.48328,26,3.09862,21.9,0.482
2019-06-07,15:30:28,43.8731,24,52.0429,21.9,0.513
2019-06-07,15:32:03,8.42418,24,6.03781,21.7455,0.510773
2019-06-07,15:34:41,3.8131,10,122.856,21.7,0.003
2019-06-07,15:36:15,3.17599,10,65.6084,21.5,0.589
2019-06-07,15:39:14,5.03296,22,155.818,21.7,0.598
2019-06-07,15:40:49,5.59865,22,89.4363,21.5,0.597
2019-06-07,15:44:10,-5.01029,27,56930.8,21.5793,0.655775
2019-06-07,15:45:45,0.86294,27,3249.6,21.7,0.663
2019-06-12,10:44:07,4.70844,31,0.28391,21.7,0
2019-06-12,10:45:43,4.33344,31,-190.726,21.3,0.387
2019-06-12,10:48:29,6.69815,61,0.395883,20.98,-0.188
2019-06-12,10:50:04,6.78391,61,-1.44883,20.5,0.472
2019-06-12,10:52:12,1.92769,51,96.08,20.3,0
2019-06-12,10:53:47,1.5224,51,50.5718,20.1,0.507
2019-06-12,11:05:27,14.6433,3,3.30532,19.86,-0.0946
2019-06-12,11:07:02,7.69958,3,-1.0323,20.1,0.475
2019-06-12,11:09:28,5.91341,70,20.6487,20.3667,-0.168333
2019-06-12,11:11:03,4.16831,70,9.94531,20.1,0.505
2019-06-12,11:13:33,1.1742,49,1488.44,20.1,6.93889e-17
2019-06-12,11:15:08,1.09664,49,700.442,19.9,0.601
2019-06-12,11:17:40,3.83396,89,959.18,19.7,0.666
2019-06-12,11:19:15,2.1451,89,724.852,19.5,0.66
2019-06-12,11:21:31,19.1373,18,-1202.68,19.5,-0.133667
2019-06-12,11:23:06,21.992,18,14.5315,19.5,0.419
2019-06-12,11:28:50,6.48576,20,-0.947101,19.9,0.415
2019-06-12,11:30:25,3.75971,20,0.704399,19.9,0.415
2019-06-12,11:33:14,11.7827,69,427.436,19.9,0.59
2019-06-12,11:34:49,3.81359,69,118.495,20.1,0.588
2019-06-12,11:48:32,4.78392,1,63359.7,20.34,0.6042
2019-06-12,11:50:06,3.25009,1,13562.2,20.1,0.603
2019-06-12,11:53:35,11.17,32,633.633,19.78,0.5706
2019-06-12,11:55:10,10.2208,32,523.667,19.7,0.569
2019-06-12,11:57:25,1.69834,62,31.9413,19.7,0.569
2019-06-12,11:59:00,1.62081,62,14.6377,19.7,0.565
2019-06-12,12:01:41,5.13916,71,232.424,19.7,0.475
2019-06-12,12:03:16,3.63874,71,140.224,19.7,0.475
2019-06-12,12:06:09,9.00101,17,108.004,19.5,0.465
2019-06-12,12:07:45,3.2056,17,12.5929,19.7,0.463
2019-06-12,12:10:46,6.52946,92,26.3834,19.9,0.536
2019-06-12,12:12:22,4.77641,92,23.6682,19.9,0.536
2019-06-12,12:15:35,3.77533,63,2.59373,20.22,0.5562
2019-06-12,12:17:10,3.44154,63,9668.68,20.3,0.555
2019-06-12,12:23:27,6.64093,30,2.69551,20.5,-0.0834
2019-06-12,12:25:02,4.28988,30,5.13655,20.5,0.417
2019-06-12,12:27:39,7.48688,72,158.568,20.5,0.596
2019-06-12,12:29:15,4.17614,72,48.5415,20.7,0.595
2019-06-12,12:32:50,12.5056,19,48.4667,20.7,0.501
2019-06-12,12:34:25,2.76637,19,16.5286,20.7,0.5
2019-06-12,12:37:17,10.1927,91,10357.9,20.7,0.001
2019-06-12,12:38:52,3.48151,91,1835.92,20.9,0.527
2019-06-12,12:42:33,5.2213,64,-7.64723,21.1,4.16334e-17
2019-06-12,12:44:08,2.75057,64,-4.30355,21.1,0.475
2019-06-12,12:47:22,48.0437,4,-188.676,20.9,0.007
2019-06-12,12:48:57,13.3545,4,10.4699,20.9,0.448
2019-06-12,12:51:30,8.51157,90,1002.97,20.9,0.3936
2019-06-12,12:53:06,3.9556,90,886.079,20.9,0.585
2019-06-12,12:56:09,7.95971,29,74517.7,21.1,0.583
2019-06-12,12:57:45,3.44742,29,16233.7,21.5,0.583
2019-06-12,13:01:14,2.58825,52,-32.7595,21.3,0.221
2019-06-12,13:02:50,1.86074,52,40.8126,21.3,0.272
2019-06-12,13:05:40,3.05192,50,2507.86,21.3,0.515
2019-06-12,13:07:16,1.51006,50,33.1907,21.3,0.515
2019-06-14,10:04:16,10.4022,68,-1.01788,18.4,0.21
2019-06-14,10:05:50,5.72707,68,-0.691179,18.2,0.212
2019-06-14,10:10:54,21.8783,84,-1.26742,18,0.408
2019-06-14,10:12:29,10.2986,84,-0.701719,18,0.4094
2019-06-14,10:15:13,34.0329,40,-2.20712,17.9,0
2019-06-14,10:16:49,8.0059,40,-0.324235,18,0.336
2019-06-14,10:19:12,12.539,103,-0.742205,18,0
2019-06-14,10:20:48,8.75604,103,-0.541646,17.9,0.436
2019-06-14,10:25:00,6.35036,45,-0.33657,17.9,0.436
2019-06-14,10:28:06,9.27425,102,-0.699679,17.9,0
2019-06-14,10:29:42,4.88099,102,-0.562517,17.7,0.435
2019-06-14,10:32:20,10.1346,67,-1.15156,17.7,0
2019-06-14,10:33:56,3.9653,67,-0.600214,17.7,0.414
2019-06-14,10:37:37,8.93669,65,-0.421363,17.7,0.47
2019-06-14,10:46:57,24.0407,101,-1.60156,17.9,0.398
2019-06-14,10:48:32,8.97147,101,-0.477878,17.9,0.4032
2019-06-14,10:52:04,12.1483,39,-0.285839,18,0
2019-06-14,10:57:09,10.7885,81,-0.403123,18,0.429
2019-06-14,11:16:43,7.86429,81,-0.585641,18.4,0.429
2019-06-14,11:18:19,6.45638,81,-0.634167,18.4,0.429
2019-06-14,11:21:26,6.31323,47,-0.150615,18.2,0.445622
2019-06-14,11:28:17,8.79354,38,-0.597975,17.9,0.356
2019-06-14,11:29:54,6.28994,38,-0.53039,17.9,0.356
2019-06-14,11:32:15,3.27162,83,-0.149411,17.7,0.065
2019-06-14,11:33:52,3.08396,83,-0.11402,17.7,0.531
2019-06-14,11:36:22,1.97691,48,-0.0558259,17.7,0
2019-06-14,11:37:56,1.80932,48,-0.198401,17.7,0.343
2019-06-14,11:41:35,3.71595,104,-0.13231,17.7,0.511
2019-06-14,11:43:10,3.66383,104,-0.118468,17.7,0.511
2019-06-14,11:45:58,6.78427,82,-1.05798,17.7,0.391
2019-06-14,11:47:32,5.86447,82,-1.00678,17.7,0.396
2019-06-14,11:50:05,11.2108,37,-0.684211,17.9,0
2019-06-14,11:51:41,7.358,37,-0.505177,17.9,0.44
2019-06-14,11:55:28,3.68751,66,-0.274052,17.9,0.384787
2019-06-14,13:04:24,8.16228,106,-0.297558,18.8,0.459
2019-06-14,13:05:59,6.78385,106,-0.16693,18.8,0.459
2019-06-14,13:09:22,8.55565,56,-0.553386,18.6,0.468
2019-06-14,13:10:58,6.64944,56,-0.412113,18.6,0.471
2019-06-14,13:14:59,6.82308,44,-0.248477,18.5455,0.457
2019-06-14,13:21:01,12.324,54,-1.68013,18.9,-0.0806364
2019-06-14,13:22:37,5.52215,54,-0.382157,18.9,0.376
2019-06-14,13:25:11,4.2146,108,-0.202152,18.9,0.491
2019-06-14,13:26:46,2.89269,108,-0.154201,18.9,0.494
2019-06-14,13:29:52,7.7539,53,-0.338873,18.9,0
2019-06-14,13:31:28,4.87706,53,-0.874714,18.8,0.403
2019-06-14,13:39:25,7.52283,42,-0.279087,19.5,0.496
2019-06-14,13:41:38,9.63203,87,-0.93888,19.7,0.448
2019-06-14,13:43:14,5.16392,87,-0.217623,19.5,0.45
2019-06-14,13:45:25,5.10555,59,-0.171732,19.5,0.432
2019-06-14,13:47:00,2.55027,59,-0.223959,19.5,0.436182
2019-06-14,13:49:35,9.24198,107,-0.394626,19.5,0.398
2019-06-14,13:51:10,4.81953,107,-0.0908825,19.7,0.404
2019-06-14,13:53:23,11.346,41,-0.33967,19.7,0.396
2019-06-14,13:54:58,7.82055,41,-0.256248,19.6545,0.399545
2019-06-14,14:01:04,7.14237,60,-0.136801,19.7,4.16334e-17
2019-06-14,14:02:39,4.31301,60,-0.117602,19.7,0.443
2019-06-14,14:04:44,10.3087,85,-0.473438,19.7,0
2019-06-14,14:06:20,5.06278,85,-0.374016,19.5,0.442
2019-06-14,14:12:02,6.89349,58,-0.234127,19.7273,-0.0534545
2019-06-14,14:13:38,2.82669,58,-0.143039,19.5,0.469
2019-06-14,14:16:56,6.72664,43,-1.86962,19.3,0
2019-06-14,14:18:32,5.09717,43,-0.178116,19.3,0.512
2019-06-14,14:20:31,3.89406,105,-0.236589,19.3,0
2019-06-14,14:22:06,3.20061,105,-0.185117,19.4364,0.456
2019-06-14,14:24:19,4.05044,55,-0.0967967,19.5,0.294
2019-06-14,14:25:55,2.49339,55,-0.234673,19.7,0.299
2019-06-14,15:01:41,9.66795,86,-0.315039,19.9,0.454
2019-06-14,15:05:37,13.0411,88,-0.180548,19.9,0.064
2019-06-14,15:07:12,5.39202,88,-0.140858,20.1,0.061
2019-06-14,15:09:07,6.37481,57,-0.224925,20.3,0.064
2019-06-14,15:10:41,3.441,57,-0.614822,20.3,0.066
2019-09-18,07:37:20,26.4771,4,-5.84428,21.1,0.323
2019-09-18,07:38:55,7.55969,4,-1.07036,21.1,0.323
2019-09-18,07:50:25,-29.7101,29,-0.57028,21.3,0.618
2019-09-18,07:52:00,11.3506,29,34.3136,21.3,0.619
2019-09-18,07:55:26,3.63201,52,-0.00566925,21.1,0.598
2019-09-18,07:57:01,1.73242,52,0.00666388,21.1,0.725
2019-09-18,08:03:40,5.55181,50,-0.435357,20.9,0.414
2019-09-18,08:05:15,3.91155,50,-0.378114,20.7,0.454
2019-09-18,08:08:48,7.13643,64,-2.34793,20.5,0.169
2019-09-18,08:14:56,5.58968,64,-0.775681,21.1,0.165
2019-09-18,08:16:32,4.65213,64,-0.71391,21.3,0.165
2019-09-18,08:20:10,9.13145,72,-0.898605,21.3,-0.0529091
2019-09-18,08:21:45,4.44037,72,-0.711905,21.3,0.389
2019-09-18,08:24:17,5.90681,19,-0.0866746,21.3,0.343
2019-09-18,08:25:53,4.47136,19,-0.104842,21.3,0.353
2019-09-18,08:28:55,5.22927,17,-0.0781691,21.3,0.043
2019-09-18,08:30:30,4.28207,17,-0.0719761,21.7,0.224
2019-09-18,08:33:17,8.06821,63,0.995646,22.1,0.426
2019-09-18,08:34:52,10.7043,63,1.21463,22.1,0.414
2019-09-18,08:37:30,5.89984,71,8.41022,21.9,0.344
2019-09-18,08:39:06,4.61264,71,6.07832,21.9,0.364
2019-09-18,08:42:50,3.31567,1,4.06788,21.7,0
2019-09-18,08:44:25,3.08618,1,3.40584,21.7,0.676
2019-09-18,08:46:41,5.53615,69,-1.18995,21.7,0.266
2019-09-18,08:48:17,5.3886,69,-1.14465,21.7,0.264
2019-09-18,08:51:47,1.75577,62,0.123662,21.5,0.431
2019-09-18,08:53:24,1.63565,62,0.0997836,21.5,0.486
2019-09-18,08:55:54,3.32391,32,-0.417446,21.5,0
2019-09-18,08:57:30,3.26091,32,-0.373026,21.3,0.256
2019-09-18,09:03:41,3.7041,49,1.40947,21.3,0
2019-09-18,09:05:15,3.95025,49,1.5199,21.1,0.95
2019-09-18,09:08:00,8.48107,70,-1.05251,20.9,0
2019-09-18,09:09:37,4.29699,70,-0.830145,20.9,0.433
2019-09-18,09:12:50,2.00815,51,0.0604167,21.1,0
2019-09-18,09:16:49,1.81775,51,5.05889,20.7,0.779
2019-09-18,09:18:24,1.57434,51,-0.0220744,20.7,0.95
2019-09-18,09:25:20,4.33827,61,-1.3046,20.7,0.071
2019-09-18,09:26:56,2.5181,61,-1.04971,20.9,0.071
2019-09-18,09:29:33,4.92951,31,-1.34605,20.9,0.112
2019-09-18,09:31:09,4.39367,31,-1.23361,21.1,0.114609
2019-09-18,09:34:17,18.814,3,-5.15217,21.3,0.09
2019-09-18,09:35:52,8.45528,3,-1.96065,21.3,0.09
2019-09-18,09:40:33,4.8155,18,-0.516825,21.7,0.157
2019-09-18,09:44:14,11.9105,20,-1.9679,21.9,0.04
2019-09-18,09:45:49,4.50351,20,-0.756524,22.1,0.04
2019-09-18,09:50:18,13.9933,2,-2.97944,23,0.33
2019-09-18,09:51:53,5.04355,2,-0.658229,23.3,0.331
2019-09-18,09:58:00,6.0855,30,-0.573943,23.3,0.239
2019-09-18,09:59:36,4.84786,30,-0.425857,23.3,0.24
2019-09-18,11:25:43,8.17704,39,-2.61593,22.4,0.081
2019-09-18,11:27:20,6.55822,81,-2.31025,22.4,0.081
2019-09-18,11:29:37,10.894,39,-1.80213,22.4,0
2019-09-18,11:31:12,6.95314,39,-1.31329,22.4,0.143
2019-09-18,11:34:31,18.9454,47,-3.59441,22.1,0.107
2019-09-18,11:36:06,9.6945,47,-2.28484,22.4,0.109
2019-09-18,11:39:16,10.2841,38,-2.13423,22.4,0.101
2019-09-18,11:40:51,7.32076,38,-2.15147,22.6,0.100273
2019-09-18,11:45:09,6.86411,46,-2.69295,22.6,0.133
2019-09-18,11:46:44,4.19937,46,-2.20677,22.8,0.135
2019-09-18,11:50:19,1.81129,67,-1.33141,22.8,0.105
2019-09-18,11:51:55,1.98903,67,-1.32919,22.8,0.101
2019-09-18,11:55:10,10.9515,45,-4.03057,22.8,0.114
2019-09-18,11:56:46,5.98223,45,-1.94444,22.8,0.114
2019-09-18,12:00:32,4.65098,40,-1.23898,23,0.088
2019-09-18,12:02:08,2.54214,40,-0.783891,23,0.137
2019-09-18,12:05:34,8.49527,84,-2.00695,22.8,0.121
2019-09-18,12:07:10,3.97336,84,-1.77276,23,0.121
2019-09-18,12:09:54,2.94207,68,-1.64871,23,0.051
2019-09-18,12:15:01,2.2838,65,-1.32465,22.6,0.128
2019-09-18,12:16:37,2.3124,65,-1.32076,22.6,0.123
2019-09-18,12:20:55,6.77646,83,-2.16527,22.1,0
2019-09-18,12:22:30,3.72024,83,-2.1978,22.1,0
2019-09-18,12:30:28,2.1825,48,-1.73341,22.4,0.109
2019-09-18,12:32:04,1.43881,48,-1.45215,22.6,0.111
2019-09-18,12:35:36,3.11693,82,-2.11626,22.4,0
2019-09-18,12:37:12,3.05263,82,-1.90858,22.6,0.11
2019-09-18,12:40:25,5.23787,37,-2.59235,22.4,0.128
2019-09-18,12:52:42,5.92751,66,-1.49577,22.1,0.0937273
2019-09-18,12:54:16,3.37942,66,-1.6392,22.1,0.092
2019-09-19,12:59:49,1.73071,55,-1.29178,20.3,0.113
2019-09-19,13:01:24,1.29823,55,-1.08479,20.1,0.115
2019-09-19,13:05:01,6.01665,43,-1.62335,20.3,0.108
2019-09-19,13:06:36,3.154,43,-1.13294,20.2446,0.11
2019-09-19,13:09:41,7.22963,58,-2.01472,20.564,0.02208
2019-09-19,13:11:17,3.75975,58,-1.60533,20.7,0.07
2019-09-19,13:13:33,3.31306,85,-2.34148,20.7,0
2019-09-19,13:15:09,2.50547,85,-2.086,20.9,0.047
2019-09-19,13:17:40,6.29702,60,-1.93591,21.1,-0.0244685
2019-09-19,13:19:14,2.47652,60,-1.48572,21.3,0.099
2019-09-19,13:22:19,9.72218,41,-4.92403,21.1,0.081
2019-09-19,13:26:49,2.82086,87,-1.79851,21.3,0.119
2019-09-19,13:28:24,2.35332,87,-1.54416,21.1,0.119
2019-09-19,13:33:17,4.62085,59,-1.64952,21.1,0.091
2019-09-19,13:39:51,6.31056,42,-2.24022,21.1,0.144
2019-09-19,13:41:27,2.69915,42,-1.66987,20.9,0.143
2019-09-19,13:45:00,3.27578,53,-1.39579,20.9,0.095
2019-09-19,13:46:36,4.04495,53,-1.47112,20.8522,0.098
2019-09-19,13:51:28,6.21086,54,-6.12431,20.9,0
2019-09-19,13:56:04,6.84837,56,-2.56068,21.1,0.114
2019-09-19,13:57:38,2.29877,56,-1.98487,21.1,0.114
2019-09-19,14:01:23,2.33892,44,-1.11527,20.9,0.138
2019-09-19,14:07:40,6.71213,88,-3.92259,21.5,-0.0285045
2019-09-19,14:11:53,13.6984,57,-8.25476,21.5,0.135
2019-09-19,14:16:08,5.59937,86,-1.46903,21.5,0.105
2019-09-19,14:17:43,2.95934,86,-1.25981,21.5,0.105
2019-09-20,12:51:51,22.8808,8,1.5976,24.4,0.179
2019-09-20,12:53:26,9.31336,8,-0.071156,24.2,0.186
2019-09-20,12:59:18,5.06577,33,-4.02889,23.9,0.012
2019-09-20,13:00:54,4.08347,33,0.102184,24.2,0.012
2019-09-20,13:03:48,9.99627,75,-1.26158,24.32,0
2019-09-20,13:07:11,5.78063,75,-3.89931,24.2,0.406
2019-09-20,13:08:46,5.24584,75,1.18843,23.9667,0.405
2019-09-20,13:11:41,2.26761,15,203.684,23.7,0.105
2019-09-20,13:13:16,1.92184,15,0.364726,23.7,0.358
2019-09-20,13:15:27,11.0807,34,-0.625289,23.9,0.207
2019-09-20,13:17:02,4.92548,34,-0.476008,23.9,0.203
2019-09-20,13:19:58,13.2224,73,2.03753,23.9,0.272
2019-09-20,13:21:33,5.44892,73,1.40097,23.7,0.268
2019-09-20,13:23:42,1.92847,7,5.91885,23.5,0.268
2019-09-20,13:25:17,2.20137,7,0.530063,23.5,0
2019-09-20,13:28:29,19.7234,13,-649.057,23.5,0.383
2019-09-20,13:30:04,5.80653,13,-10.4875,23.5,0.39
2019-09-20,13:32:20,5.65011,35,1.93177,23.5,0.409
2019-09-20,13:33:56,2.49206,35,12.0802,23.5,0.408
2019-09-20,13:36:32,4.05449,14,-1.165,23.5,0.392
2019-09-20,13:38:08,2.71175,14,12.7398,23.3,0.39
2019-09-20,13:40:15,4.59081,74,0.307193,23.3,0
2019-09-20,13:41:50,4.63574,74,74.0039,23.3,0.3524
2019-09-20,13:44:43,7.62018,16,0.275909,23,0
2019-09-20,13:46:19,8.46616,16,-0.186657,23,0.224
2019-09-20,13:48:39,3.7244,36,-35.5237,23.3,0
2019-09-20,13:50:15,4.47844,36,1.50845,23.7,0.392
2019-09-20,13:52:11,6.64345,76,5.71735,24.2,0.389
2019-09-20,13:53:46,4.5299,76,-1.89041,24.9333,0.389333
2019-09-20,13:56:03,9.33859,5,-1.19145,25.9,0.323
2019-09-20,13:57:39,8.02217,5,-1.79426,25.6,0.313
2019-09-20,14:00:03,3.75941,6,-0.74918,25.1,0.169
2019-09-20,14:01:39,2.77812,6,-0.787174,24.9,0.167
2019-09-20,14:08:38,5.12531,111,-4.35399,24.7,0.081
2019-09-20,14:10:14,4.15315,111,-3.31509,24.4,0.215
2019-09-20,14:12:23,5.24582,112,-4.5877,24.2,0.176
2019-09-20,14:13:58,2.98558,112,-3.86173,23.9,0.174
2019-09-20,14:15:52,4.54477,109,-4.58922,23.8467,0.180933
2019-09-20,14:17:27,3.39794,109,-3.40187,23.7,0.191
2019-09-20,14:19:21,6.0365,110,-2.73526,23.7,0.105
2019-09-20,14:20:57,4.64612,110,-2.41524,23.5,0.17
2019-09-20,14:23:38,3.88024,116,-6.44929,23.5,0.182
2019-09-20,14:25:13,2.23077,116,-3.14683,23.3,0.193
2019-09-20,14:27:27,4.18855,114,-2.06089,23.3,0.153
2019-09-20,14:29:02,2.8366,114,-1.99258,23.3,0.151
2019-09-20,14:31:32,2.94871,113,-1.80476,23,0.087
2019-09-20,14:33:08,3.26428,113,-1.91694,23,0.184
2019-09-20,14:35:27,5.66104,115,-2.67524,23,0.139
2019-09-25,09:18:21,5.82966,23,-0.798956,20.3,0.056
2019-09-25,09:19:56,3.71276,23,-0.654562,20.5,0.056
2019-09-25,09:22:05,5.14304,80,-2.1708,20.5,0
2019-09-25,09:23:41,3.17412,80,-1.94829,20.5,0.024
2019-09-25,09:26:00,6.75334,77,-1.46107,20.5,0.008
2019-09-25,09:27:36,3.73437,77,-1.29555,20.7,0.002
2019-09-25,09:29:59,5.26355,11,-1.16595,20.9,0.367
2019-09-25,09:31:34,3.40843,11,-13.7619,21.1,0.369
2019-09-25,09:37:23,2.6509,28,-1.19058,21.5,0.285
2019-09-25,09:40:08,3.58455,26,-2.22861,21.9,0
2019-09-25,09:41:43,2.3717800000000002,26,-2.01071,21.7,0.187
2019-09-25,09:44:59,3.53998,25,-1.5602,21.9,0.069
2019-09-25,09:46:34,2.26374,25,-1.20447,21.7,0.069
2019-09-25,09:49:11,2.71254,79,-1.08822,21.6545,-0.00772727
2019-09-25,09:50:46,2.14201,79,-0.840795,21.9,0.037
2019-09-25,09:52:57,5.09499,9,-0.881428,21.9,0
2019-09-25,09:54:32,3.30197,9,-0.926753,21.9,0.086
2019-09-25,09:57:12,5.67763,78,0.398007,21.9,-0.111273
2019-09-25,09:58:48,4.6034,78,0.473224,21.9,0.407
2019-09-25,10:00:50,2.31767,12,0.327821,21.7,0.134
2019-09-25,10:02:26,1.8327,12,0.500464,21.5,0.407
2019-09-25,10:06:58,1.79551,10,0.284403,21.3,0
2019-09-25,10:08:33,1.70705,10,0.130126,21.5,0.406
2019-09-25,10:11:00,15.0045,21,30.7128,21.5,0.323
2019-09-25,10:15:01,7.84542,24,-1.78717,21.7,0
2019-09-25,10:16:36,4.87832,24,-1.45522,21.7,0.11
2019-09-25,10:19:09,1.92786,22,0.0598679,21.9,0
2019-09-25,10:20:45,1.8796,22,0.0290802,21.9,0.409
2019-09-25,10:23:32,2.53721,27,3.38509,21.9,0.738
2019-09-25,10:25:07,2.44579,27,2.93756,21.9,0.854
2019-09-25,10:30:25,3.70201,118,-2.58643,22.1,0.026
2019-09-25,10:32:02,2.26195,118,-2.23448,22.1,0.029
2019-09-25,10:34:28,3.88792,119,-2.89105,22.1,0
2019-09-25,10:36:03,3.17788,119,-2.37282,22.4,0
2019-09-25,10:38:33,2.45076,117,-2.17245,22.4,0.027
2019-09-25,10:40:09,1.86373,117,-2.11237,22.4,0.028
2019-09-25,10:42:13,3.05026,120,-6.08735,22.4,0.0247273
2019-09-25,10:43:49,2.27408,120,-2.43453,22.4,0.04
2019-09-25,10:46:41,8.32655,123,-8.93554,22.4,0.089
2019-09-25,10:48:17,2.65244,123,-2.52084,22.4,0.0896176
2019-09-25,10:50:39,2.28043,122,-3.29597,22.4,0.015
2019-09-25,10:52:15,2.1835,122,-3.05563,22.4,0.015
2019-09-25,10:54:55,3.58893,124,-13.3376,22.4,0.008
2019-09-25,10:59:27,2.91627,121,-3.47137,22.4,0.024
2019-09-25,11:01:02,2.10431,121,-1.81673,22.6,0.026
2019-11-04,11:24:35,0.985503,27,0.0913857,18.2,0.632
2019-11-04,11:26:01,0.71319,27,-188.913,18.4,0.632
2019-11-04,11:30:48,1.87786,98,-1.57619,18.8,0.674
2019-11-04,11:32:14,2.03068,98,-0.0451872,18.8,0.633
2019-11-04,11:34:57,1.07079,22,-0.0766405,18.8,0.466
2019-11-04,11:36:24,0.897417,22,-0.0719298,18.8,0.468
2019-11-04,11:39:14,0.739984,10,-0.0983056,18.4,0.527
2019-11-04,11:40:40,0.7114,10,-0.0665654,18.2,0.5164
2019-11-04,11:43:26,2.47917,78,0.264976,18.4,0.08
2019-11-04,11:44:53,3.52969,78,0.192494,18.8,0.445
2019-11-04,11:47:45,1.62695,12,0.339669,19.0364,0.31563600000000003
2019-11-04,11:49:11,1.02743,12,0.133624,18.9,0.452
2019-11-04,11:51:47,3.8795,99,0.18685,18.4,0.287
2019-11-04,11:53:13,3.11581,99,0.119899,18.4,0.288
2019-11-04,11:56:01,1.86415,100,-0.82754,18.4,0.378
2019-11-04,11:57:26,2.23251,100,-0.130307,18.2,0.382
2019-11-04,12:01:25,1.27809,26,-0.150145,17.5,0.384
2019-11-04,12:02:51,1.08128,26,-0.0671074,17.9,0.384
2019-11-04,12:05:32,1.89389,24,-0.286672,17.9,0
2019-11-04,12:06:58,2.17609,24,-0.26002,17.9,0.273
2019-11-04,12:11:30,1.87023,25,-0.409465,17.9,0.097
2019-11-04,12:12:57,2.11575,25,-0.338708,18,0.099
2019-11-04,12:15:22,2.2361,79,-0.155176,18,0
2019-11-04,12:16:48,1.65636,79,-0.168296,18,0.21
2019-11-04,12:19:10,2.40982,9,-0.13507,17.7,0.158
2019-11-04,12:20:37,3.38026,9,-0.105881,17.7,0.1584
2019-11-04,12:30:06,1.72182,97,-0.234509,17.5,0.196
2019-11-04,12:34:02,1.23694,77,-0.366342,17.3,0.137
2019-11-04,12:40:17,1.94754,23,-0.444035,17.5,0.238
2019-11-04,12:41:43,1.751,23,-0.303568,17.5,0.241
2019-11-04,12:44:57,1.76307,80,-1.16862,17.3,0.164
2019-11-04,12:46:23,1.35616,80,-0.805308,17.3,0.164
2019-11-04,12:48:47,1.56501,28,-0.554698,16.8,0.191
2019-11-04,12:50:13,1.52806,28,-0.52979,16.8,0.193
2019-11-04,12:53:13,0.900817,21,-0.303236,16.7,0.359
2019-11-04,12:54:38,1.21155,21,-0.378562,16.7,0.361
2019-11-04,12:58:03,2.33681,119,-2.49518,16.5,0.213
2019-11-04,12:59:29,2.2513,119,-2.39192,16.3,0.211
2019-11-04,13:01:41,1.11964,117,-1.16463,15.8,0.218333
2019-11-04,13:03:07,1.19504,117,-1.18314,15.8,0.195
2019-11-04,13:05:33,1.66623,120,-1.19594,15.8,0
2019-11-04,13:06:59,1.496,120,-1.14018,15.8,0.182
2019-11-04,13:09:45,1.89639,118,-1.18194,15.58,0.1332
2019-11-04,13:11:11,1.72598,118,-1.30244,15.5,0.223
2019-11-04,13:13:46,1.51888,123,-1.93277,15.4,0.141
2019-11-04,13:15:12,2.36703,123,-1.89728,15.2,0.142
2019-11-04,13:17:49,1.65954,122,-2.66563,15,0.201
2019-11-04,13:19:15,1.93572,122,-2.41328,15.2,0.202
2019-11-04,13:21:42,1.67044,124,-1.70191,15.68,-0.0338
2019-11-04,13:23:08,1.45268,124,-1.63443,15.7,0.173
2019-11-04,13:25:43,1.82794,121,-0.97719,15.7,2.77556e-17
2019-11-04,13:27:09,2.91646,121,-1.02799,15.5,0.23
2019-11-04,14:34:03,2.68058,6,-0.512887,18,0.21
2019-11-04,14:36:24,1.71718,93,0.103367,17.9,0
2019-11-04,14:37:51,2.00771,93,0.123028,17.7,0.229
2019-11-04,14:40:06,3.77305,5,-0.181935,17.3,0.153
2019-11-04,14:41:33,6.71286,5,-0.400834,17.2,0.159
2019-11-04,14:46:40,1.83477,36,-0.0958786,16.78,-0.1236
2019-11-04,14:48:05,2.08571,36,-0.107277,16.5,0.314
2019-11-04,14:50:44,1.55906,76,-0.222643,16.2733,0.116067
2019-11-04,14:52:10,1.79784,76,-0.207269,16,0.381
2019-11-04,14:54:46,3.84536,16,-0.174042,15.8,0.407
2019-11-04,14:56:11,0.838854,16,-0.086791,15.8,0.401
2019-11-04,14:58:48,1.16159,74,-0.0493828,15.7,0.325
2019-11-04,15:00:14,1.25364,74,-0.138474,15.5,0.324
2019-11-04,15:02:33,1.99511,94,-0.0501052,15.5,0
2019-11-04,15:03:58,2.16844,94,-0.0804593,15.7,0.228
2019-11-04,15:06:13,0.963296,14,-0.0470761,15.7,0.016
2019-11-04,15:07:39,1.03987,14,-0.0877373,15.7,0.277
2019-11-04,15:10:25,1.00582,35,-0.0266881,15.7,0.016
2019-11-04,15:11:51,1.15336,35,0.0735877,15.5,0.37
2019-11-04,15:14:17,1.32695,13,-0.112789,15.5,0.016
2019-11-04,15:15:43,1.2861,13,-0.0910741,15.4,0.275
2019-11-04,15:18:10,1.59547,7,-0.0948961,15.4,0.357
2019-11-04,15:19:35,0.646697,7,-0.0764516,15.4,0.362
2019-11-04,15:22:36,6.14425,73,-0.182498,15.4,0
2019-11-04,15:24:02,3.64141,73,-0.853412,15.4,0.319
2019-11-04,15:26:44,1.44477,15,-0.017648,15.3467,0.0522667
2019-11-04,15:28:10,1.14147,15,-0.0211634,15.2,0.197
2019-11-04,15:30:41,1.84794,96,-0.00578058,15.2667,0.166667
2019-11-04,15:32:08,2.54597,96,0.0199029,15,0.298
2019-11-04,15:37:27,1.55439,34,-0.177766,14.7,0
2019-11-04,15:38:53,1.52402,34,-0.250573,14.7,0.158
2019-11-04,15:41:29,2.13876,75,0.0760428,14.7,0
2019-11-04,15:42:55,2.12939,75,0.201346,14.7,0.435
2019-11-04,15:45:18,4.7414,8,-0.182323,14.6,0
2019-11-04,15:46:44,2.85292,8,-0.158808,14.6267,0.265333
2019-11-04,15:48:48,2.96877,95,-1.27743,14.7,0.148
2019-11-04,15:50:13,2.94494,95,-1.23792,14.7,0.154
2019-11-04,15:52:25,5.86174,33,-1.63441,14.6,0.014
2019-11-04,15:53:51,3.56843,33,-0.375142,14.7,0.316
2019-11-04,16:00:43,1.06995,112,-1.26056,14.6,0.148
2019-11-04,16:02:09,1.33408,112,-1.30715,14.4,0.232
2019-11-04,16:06:01,1.59851,110,-0.851362,14.1,0.17
2019-11-04,16:08:08,1.65064,111,-2.06899,14,0.158
2019-11-04,16:09:35,2.16142,111,-2.1752,14,0.163
2019-11-04,16:12:46,1.58935,114,-0.811121,13.8,0.221
2019-11-04,16:14:12,1.60032,114,-0.961864,13.7,0.225
2019-11-04,16:16:11,0.828427,113,-0.279121,13.7,0.01
2019-11-04,16:17:37,1.36861,113,-0.379776,13.7,0.1774
2019-11-04,16:19:50,1.00441,115,-0.796872,13.7,0.176
2019-11-04,16:21:16,1.42417,115,-0.986058,13.5,0.18
2019-11-04,16:23:34,0.78017,116,-0.75307,13.5,0
2019-11-04,16:24:59,0.810796,116,-0.960627,13.5,0.183
2019-11-06,09:55:03,7.48979,50,64.4314,15.1,0.501
2019-11-06,09:56:28,1.69984,50,-0.0768817,14.4,0.498
2019-11-06,09:58:53,1.41261,52,-1.11982,14,0
2019-11-06,10:00:19,1.59192,52,-0.301923,13.4,0.524
2019-11-06,10:02:33,1.08382,29,0.732635,13,0.584
2019-11-06,10:03:59,0.763912,29,0.621645,12.7,0.583
2019-11-06,10:06:59,3.9362,90,0.0788534,12.1,0.582
2019-11-06,10:08:24,1.99795,90,0.0848688,11.9,0.525
2019-11-06,10:14:29,7.23948,4,-0.920149,12,0.074
2019-11-06,10:15:55,4.3281,4,-0.604254,11.9,0.259
2019-11-06,10:21:36,2.84356,64,-0.434177,11.7,0.069
2019-11-06,10:26:08,4.85334,2,-0.767374,11.7,0.241
2019-11-06,10:27:33,2.22072,2,-0.41279,11.7,0.242
2019-11-06,10:30:41,6.24409,30,-0.426503,11.7,0.071
2019-11-06,10:32:07,3.507,30,-0.517892,11.9,0.0734
2019-11-06,10:35:13,2.54931,72,-0.120529,11.9,0.091
2019-11-06,10:36:39,2.43469,72,-0.145007,11.9,0.092
2019-11-06,10:39:09,3.71075,19,-0.237587,12,0.0296
2019-11-06,10:40:35,1.86574,19,-0.139597,12.1,0.095
2019-11-06,10:43:24,7.84765,91,2.6933,12.1,0.099
2019-11-06,10:44:50,2.89332,91,1.19646,12.1,0.106
2019-11-06,10:48:03,3.6326,63,0.182527,12,-0.0253636
2019-11-06,10:49:29,2.04231,63,0.0367631,12,0.096
2019-11-06,10:52:04,6.80074,17,1.51684,12,0.0754
2019-11-06,10:53:29,3.13509,17,0.69029,12,0.074
2019-11-06,10:56:18,2.87349,92,-2.07511,12,0.082
2019-11-06,10:57:44,3.13504,92,-0.266548,12,0.079
2019-11-06,11:04:26,2.42073,71,6.61206,12,0.072
2019-11-06,11:05:51,2.47467,71,5.39247,12.1,0.096
2019-11-06,11:08:41,2.45871,1,0.921257,12.1,0
2019-11-06,11:10:07,3.3347,1,1.36239,12.06,0.0846
2019-11-06,11:13:43,3.25436,69,1.31926,12.1,0.327
2019-11-06,11:15:08,2.90596,69,-0.00141617,12.1364,0.334364
2019-11-06,11:17:36,1.62354,62,-0.00947351,12.1,0.052
2019-11-06,11:19:01,1.79794,62,-0.00985624,12.1,0.052
2019-11-06,11:21:31,7.65841,32,-0.559188,12,0.066
2019-11-06,11:26:07,3.37718,89,4.23967,12.28,-0.0154
2019-11-06,11:27:33,3.17308,89,3.24415,12.4,0.077
2019-11-06,11:29:46,3.06074,49,1.88689,12.4,0.087
2019-11-06,11:31:12,3.80698,49,2.06673,12.4,0.091
2019-11-06,11:34:00,3.48652,70,-0.673381,12.1,0.126
2019-11-06,11:35:26,3.06285,70,-0.471687,12.3,0.431
2019-11-06,11:39:00,1.2685,51,0.0051084,12.4,0.069
2019-11-06,11:40:26,1.08669,51,-2.10828,12.7,0.071
2019-11-06,11:42:56,3.35331,61,-0.24898700000000001,12.8,0
2019-11-06,11:44:23,3.40085,61,-0.195969,13,0.031
2019-11-06,11:46:58,4.20348,31,-1.09814,13.1,0.018
2019-11-06,11:48:24,3.27049,31,-1.07945,13.1,0.057
2019-11-06,11:51:01,5.43477,3,-1.44063,13.1,-0.003
2019-11-06,11:52:28,3.09967,3,-1.1995,13.1,0.025
2019-11-06,11:54:46,3.97641,18,-0.248192,13.3,0
2019-11-06,11:56:12,3.14728,18,-0.229511,13.4,0.042
2019-11-06,11:58:52,6.36881,20,-1.39873,13.5,0.012
2019-11-06,13:22:18,5.45504,81,-2.33154,13,0.19
2019-11-06,13:23:44,3.04819,81,-1.79299,13.1,0.187
2019-11-06,13:26:13,4.13034,46,-2.45399,13.1,0.049
2019-11-06,13:27:39,3.0174,46,-2.17424,13.1,0.0735272
2019-11-06,13:30:29,6.70781,67,-3.30263,13.1,0.044
2019-11-06,13:31:56,2.82853,67,-0.984554,13.1,0.043
2019-11-06,13:34:52,4.76086,45,-2.07501,13.1,0.033
2019-11-06,13:36:18,3.63438,45,-1.81715,13.1,0.041
2019-11-06,13:39:01,3.44042,103,-1.57685,13.1,0.047
2019-11-06,13:40:27,2.8726,103,-1.51731,13.1,0.048
2019-11-06,13:42:34,2.86218,40,-1.41567,13.1,0.043
2019-11-06,13:44:00,2.18336,40,-1.2077,13.1,0.013
2019-11-06,13:46:19,3.10036,84,-1.95616,13,0.049
2019-11-06,13:47:45,2.34779,84,-1.86673,13,0.0516364
2019-11-06,13:49:54,3.17147,68,-1.5726,12.8,0.035
2019-11-06,13:51:19,2.57927,68,-1.37265,12.8,0.033
2019-11-06,13:54:37,4.88101,102,-2.27291,12.7,0
2019-11-06,13:56:04,2.68682,102,-1.80818,12.6,0.022
2019-11-06,13:58:46,4.59537,65,-1.78566,12.7,0.0301818
2019-11-06,14:00:12,3.11398,65,-1.43749,12.8,0.032
2019-11-06,14:02:51,4.52867,47,-1.96653,13,0.017
2019-11-06,14:04:16,2.78926,47,-1.5398,13,0.025
2019-11-06,14:06:48,6.01915,38,-2.03187,13,0.017
2019-11-06,14:08:14,4.11525,38,-1.66805,13.1,0.024
2019-11-06,14:10:21,6.90982,83,-2.70084,13.1,0.027
2019-11-06,14:11:47,3.62784,83,-2.01029,13.3,0.0267173
2019-11-06,14:14:08,3.02606,48,-1.6929,13.4,0.034
2019-11-06,14:15:34,2.37766,48,-1.53837,13.4,0.03
2019-11-06,14:18:11,2.71538,104,-1.72189,13.3,0.022
2019-11-06,14:19:37,2.2538,104,-1.41211,13.5,0.029
2019-11-06,14:22:48,4.53558,82,-2.34165,13.5,0.028
2019-11-06,14:24:14,3.14178,82,-2.03058,13.5,0.033
2019-11-06,14:27:06,3.65164,66,-1.51819,13.5,0.039
2019-11-06,14:28:32,2.76929,66,-1.24386,13.5,0.037
2019-11-06,14:30:58,4.8099,37,-2.26815,13.5,0.105
2019-11-06,14:32:24,4.04047,37,-1.86247,13.5,0.006
2019-11-06,14:36:47,3.07976,56,-2.56937,13.3,0.0204545
2019-11-06,14:38:13,2.88695,56,-2.27261,13.3,0.028
2019-11-06,14:40:33,3.93365,44,-1.51362,13.1,0
2019-11-06,14:41:59,2.66749,44,-1.32472,13.1,0.029
2019-11-06,14:44:12,2.39549,106,-1.17393,13.1,0.018
2019-11-06,14:45:37,2.63807,106,-1.12495,13.1,0.018
2019-11-06,14:48:06,4.79784,88,-1.26269,13,0.031
2019-11-06,14:49:32,4.68606,88,-1.19089,13,0.032
2019-11-06,14:51:38,13.7566,57,-3.90549,13,0.0360909
2019-11-06,14:53:04,6.95086,57,-1.29746,13,0.027
2019-11-06,14:55:33,5.44456,86,-1.52288,13,0
2019-11-06,14:59:53,3.7275,55,-1.49859,12.8,0.031
2019-11-06,15:01:18,2.57874,55,-1.12284,12.8,0.034
2019-11-06,15:04:20,2.71581,105,-1.71153,12.8,0
2019-11-06,15:05:46,2.58735,105,-1.58943,12.8,0.0232273
2019-11-06,15:07:52,5.87398,43,-2.03601,12.8,0.034
2019-11-06,15:09:18,2.5114,43,-1.55557,12.8,0.031
2019-11-06,15:11:29,6.08791,58,-1.52484,12.8,0
2019-11-06,15:12:55,2.57908,58,-1.22088,12.8,0.018
2019-11-06,15:15:02,2.85781,85,-2.24753,12.8,0.006
2019-11-06,15:16:27,2.8137,85,-1.88152,12.8,0.006
2019-11-06,15:18:42,4.129,60,-1.89594,12.8,-0.00454545
2019-11-06,15:20:09,3.34793,60,-1.7408,12.8,0.023
2019-11-06,15:22:18,2.21105,107,-0.802555,12.8,0
2019-11-06,15:23:44,1.79026,107,-0.784697,12.8,0.03
2019-11-06,15:26:07,6.96121,41,-2.5168,12.7,0.016
2019-11-06,15:27:33,3.52067,41,-1.72247,12.7,0.016
2019-11-06,15:29:57,4.35505,87,-1.80988,12.6,0.026
2019-11-06,15:31:22,2.53494,87,-1.5977,12.6,0.032
2019-11-06,15:35:46,8.50426,59,-4.65974,12.6,0.0236667
2019-11-06,15:37:10,2.38901,59,-1.38727,12.6,0.031
2019-11-06,15:42:31,3.1843,42,-2.02462,12.4,0.006
2019-11-06,15:45:08,7.06295,53,-1.67062,12.4,0.083
2019-11-06,15:46:34,2.4745,53,-1.06253,12.4,0.073
2019-11-06,15:48:58,3.97719,108,-1.66683,12.4,0.023
2019-11-06,15:50:23,2.19791,108,-1.25273,12.4,0.024
2019-11-06,15:54:23,2.91572,54,-2.4175,12.4,0
2019-11-06,15:55:49,2.27767,54,-2.22709,12.4,0.027
2019-11-18,10:21:52,0.846477,50,-22.7136,14.4,0.034
2019-11-18,10:23:17,0.79262,50,0.0148445,13.5,0.033
2019-11-18,10:25:47,0.76048,52,-0.0246924,13,0
2019-11-18,10:27:13,0.643813,52,-0.0902304,12.3,0.036
2019-11-18,10:29:57,1.40249,29,1.21149,11.7,0
2019-11-18,10:31:22,1.07675,29,0.773695,11.2,0.032
2019-11-18,10:34:01,1.7697,90,0.103626,11,0.032
2019-11-18,10:35:27,1.42791,90,0.044591,10.7,0.028
2019-11-18,10:37:51,4.79655,4,-0.570942,10.6,0.01
2019-11-18,10:39:17,3.06325,4,-0.635965,10.6,0.01
2019-11-18,10:42:06,3.65486,64,-0.371894,10.4,-0.00566667
2019-11-18,10:43:31,2.18257,64,-0.323146,10.3,0.017
2019-11-18,10:47:28,1.85977,2,-0.501608,10.3,0.009
2019-11-18,10:48:54,1.20154,2,-0.461398,10.3,0.011
2019-11-18,10:51:05,1.87848,72,0.00419105,10.3,0.011
2019-11-18,10:52:30,1.23669,72,-0.0558571,10.4,0.011
2019-11-18,10:55:54,1.10819,19,-0.169248,10.3,0.012
2019-11-18,10:57:19,1.10229,19,-0.165041,10.3,0.014
2019-11-18,10:59:29,2.26876,91,1.03663,10.2,0.022
2019-11-18,11:00:54,2.02254,91,1.12463,10.1,0.022
2019-11-18,11:03:53,3.54306,30,-0.289357,9.9,0
2019-11-18,11:05:18,2.66116,30,-0.325959,9.9,0.004
2019-11-18,11:07:36,2.60318,92,-0.324806,10.1,0.005
2019-11-18,11:09:02,2.21368,92,-0.252699,9.85454,6.36364e-4
2019-11-18,11:12:28,3.18856,17,1.40404,10.1,0.002
2019-11-18,11:13:54,2.11278,17,0.897064,10.1,0.004
2019-11-18,11:17:02,2.47678,63,0.59421,10.08,0.0032
2019-11-18,11:18:27,1.07659,63,0.183469,10.2,0.006
2019-11-18,11:20:56,1.77907,71,6.77393,10.3,0
2019-11-18,11:22:22,1.61909,71,5.94974,10.3,0.025
2019-11-18,11:25:35,2.07232,1,0.233515,10.3,0.024
2019-11-18,11:27:01,1.63553,1,0.309693,10.2,0.024
2019-11-18,11:30:00,1.79771,69,0.0425641,10.2,0.024
2019-11-18,11:31:26,1.69236,69,0.071087,10.2,0.012
2019-11-18,11:33:29,0.904497,62,-0.0367548,10.2,0.016
2019-11-18,11:34:54,0.965572,62,-0.00936239,10.2,0.016
2019-11-18,11:37:28,2.16727,32,-0.53392,10.3,0.013
2019-11-18,11:41:28,2.84431,89,2.83537,10.4,0.022
2019-11-18,11:42:54,2.0902,89,1.76292,10.4,0.025
2019-11-18,11:45:00,1.66828,49,0.642703,10.4,0.025
2019-11-18,11:46:26,1.67708,49,0.494713,10.4,0.028
2019-11-18,11:48:46,2.82549,70,-0.572328,10.3,0
2019-11-18,11:50:11,2.47654,70,-0.4928,10.4,0.009
2019-11-18,11:52:55,0.9178,51,5.1413,10.4,0
2019-11-18,11:54:21,0.871542,51,0.00818975,10.4,0.025
2019-11-18,14:22:41,4.61103,61,-1.2261,11.7,0
2019-11-18,14:24:06,3.39905,3,-1.07525,11.6,0
2019-11-18,14:27:06,2.02291,31,-1.07655,11.5,0
2019-11-18,14:28:33,1.42018,31,-0.849319,11.3,0
2019-11-18,14:30:46,2.14978,61,-0.221447,11.3,0
2019-11-18,14:32:12,1.77043,61,-0.189274,11.3,0
2019-11-18,14:35:28,6.27443,18,-0.270691,11.2,0
2019-11-18,14:36:54,2.27522,18,-1.78582,11.1,0.02
2019-11-18,14:40:30,4.21028,20,-1.1373,11,0
2019-11-18,14:41:56,2.32579,20,-0.902764,10.8,0.009
2019-11-18,14:45:18,4.40403,101,-4.00075,10.6,0.011
2019-11-18,14:46:44,2.09195,101,-1.58577,10.68,0.011
2019-11-18,14:49:08,2.91408,39,-1.37238,10.4,0.009
2019-11-18,14:50:35,2.90564,39,-1.37682,10.3,0.015
2019-11-18,14:53:18,3.12798,81,-4.01388,10.2,0.007
2019-11-18,14:59:37,1.7186,46,-1.62943,9.9,0
2019-11-18,15:01:03,1.73352,46,-1.68999,9.8,0.001
2019-11-18,15:04:27,0.726652,67,-0.616161,9.8,0.011
2019-11-18,15:05:54,1.0356,67,-0.763817,9.8,0.011
2019-11-18,15:13:22,4.16133,45,-1.85313,9.6,0.014
2019-11-20,10:58:24,3.04164,98,-0.0359717,11.5,0.099
2019-11-20,10:59:50,2.355,98,0.171108,11.5,0.068
2019-11-20,11:02:08,1.67219,27,-0.0171031,11.3,0.073
2019-11-20,11:03:34,1.3215,27,-0.0101877,11.3,0.075
2019-11-20,11:06:01,1.90868,22,-0.0386897,11.2,0.061
2019-11-20,11:07:27,1.26902,22,0.00256014,11.2,0.063
2019-11-20,11:10:31,1.8914,10,-0.0899087,11.1,0
2019-11-20,11:11:57,1.05549,10,-0.0290067,11.2,0.052
2019-11-20,11:14:39,5.06809,78,0.253177,11.3,-0.0183333
2019-11-20,11:16:05,3.34697,78,0.242807,11.3,0.057
2019-11-20,11:18:36,2.67483,12,0.0207278,11.3,0.06
2019-11-20,11:20:02,1.94869,12,0.0593844,11.5,0.048
2019-11-20,11:22:56,3.27145,99,0.425024,11.5,0.019
2019-11-20,11:24:22,3.11843,99,0.361732,11.5,0.016
2019-11-20,11:27:08,2.99019,100,-0.0204303,11.5,0.019
2019-11-20,11:28:34,2.98478,100,-0.0607725,11.4864,0.019
2019-11-20,11:31:02,2.00057,26,-0.0712179,11.6,0.026
2019-11-20,11:32:28,1.32664,26,-0.027085,11.7,0.03
2019-11-20,11:37:08,3.47633,24,-0.501948,11.7,0
2019-11-20,11:41:00,1.76745,25,-0.381364,12.1,0
2019-11-20,11:42:26,2.252,25,-0.448227,12.3,0
2019-11-20,11:44:48,1.75203,79,-0.327539,12.6,0.006
2019-11-20,11:48:49,2.9865,9,0.00537123,13,0.035
2019-11-20,11:50:15,3.23726,9,-0.0618349,13,0.039
2019-11-20,11:53:00,2.67992,97,-0.197664,13,0.199
2019-11-20,11:54:26,2.13082,97,-0.240046,13,0.198
2019-11-20,11:56:47,5.19174,77,-0.659257,13.3,0.002
2019-11-20,11:58:13,1.68796,77,-0.641568,13.4,0.006
2019-11-20,12:00:39,2.9403,11,-0.297359,13.4,0.007
2019-11-20,12:02:05,1.96415,11,-0.322987,13.5,0.008
2019-11-20,12:05:15,4.90688,23,-0.721522,13.7,0.004
2019-11-20,12:06:41,4.2029,23,-0.547911,13.8,0.008
2019-11-20,12:10:56,2.80414,80,-1.58716,13.8,0
2019-11-20,12:12:21,1.77008,80,-1.53795,13.7,0.002
2019-11-20,12:16:35,2.29381,28,-0.836894,13.52,-0.003
2019-11-20,12:18:01,1.74503,28,-0.650364,13.4,0.015
2019-11-20,12:20:19,1.73093,21,-0.710672,13.4,0
2019-11-20,12:21:44,1.9514,21,-0.51814,13.3,0.029
2019-11-20,12:25:56,2.00602,117,-1.54163,13.1,0
2019-11-20,12:27:22,2.36074,117,-1.8643,13,0.109
2019-11-20,12:29:32,1.86274,120,-1.47346,12.7,0
2019-11-20,12:30:58,2.57987,120,-1.85241,12.7,0.006
2019-11-20,12:34:47,2.55607,119,-3.40107,12.7,0.004
2019-11-20,12:36:13,4.20121,119,-3.05995,12.6,0.004
2019-11-20,12:38:21,1.90874,118,-1.62265,12.4,0
2019-11-20,12:39:47,1.52837,118,-1.44278,12.4,0.015
2019-11-20,12:42:37,6.03902,123,-3.90597,12.4,-0.0028
2019-11-20,12:44:03,2.76067,123,-3.21536,12.4,0.007
2019-11-20,12:46:36,2.58447,122,-4.06345,12.4,-0.002
2019-11-20,12:48:02,2.09976,122,-3.35215,12.4,0.008
2019-11-20,12:50:40,3.47483,124,-2.18963,12.4,0.0088
2019-11-20,12:54:31,4.79735,121,-1.4596,12.4,0
2019-11-20,12:55:57,3.14047,121,-1.16756,12.4,0
2019-11-20,14:16:28,5.27597,6,-0.452923,15.2,0.032
2019-11-20,14:17:54,4.17772,6,-0.40397,15.2,0.03
2019-11-20,14:20:57,1.91568,93,0.192598,15.1545,-0.0184091
2019-11-20,14:22:22,2.6345,93,-0.253303,15.2,0.093
2019-11-20,14:26:01,3.79351,5,-6.59739,15.0136,0.067
2019-11-20,14:28:49,1.9697,76,-0.345432,14.9,0
2019-11-20,14:30:15,2.12428,76,-0.394168,14.7,0.116
2019-11-20,14:32:22,2.7316,36,-0.844641,14.7,0.077
2019-11-20,14:33:47,5.50493,36,-0.534221,14.6,0.072
2019-11-20,14:36:45,2.79727,16,-0.182085,14.6,0.513
2019-11-20,14:38:11,2.10394,16,-0.0999212,14.3,0.514
2019-11-20,14:40:35,1.80704,74,0.0376139,14.1,0.095
2019-11-20,14:42:01,1.89328,74,-0.0080465,14.0273,0.0982727
2019-11-20,14:44:22,2.84227,94,0.0021895,13.7,0.046
2019-11-20,14:45:48,2.47468,94,-0.134712,13.5,0.047
2019-11-20,14:48:43,2.31187,14,-0.177924,13.3,0.037
2019-11-20,14:50:09,2.05272,14,-0.102236,13,0.036
2019-11-20,14:53:34,1.85066,35,-0.249346,12.8,0.08
2019-11-20,14:54:59,2.05433,35,-0.0333367,12.7,0.0744545
2019-11-20,14:57:30,2.16757,13,-0.0927628,12.7,0.051
2019-11-20,14:58:56,2.32912,13,-0.132408,12.7,0.054
2019-11-20,15:01:17,1.66251,7,-0.070292,12.6,0.052
2019-11-20,15:05:29,3.18099,73,0.0149847,12.4,0.026
2019-11-20,15:06:54,2.31336,73,-0.0517164,12.3,0.038
2019-11-20,15:10:33,1.9795,15,-0.866414,12.1,0
2019-11-20,15:11:59,1.6948,15,0.15324,12.1,0.043
2019-11-20,15:14:18,3.1519,96,-0.00403581,12.1,0
2019-11-20,15:15:44,3.32447,96,0.294656,12,0.004
2019-11-20,15:18:13,3.70987,34,-0.29337800000000003,12,0.016
2019-11-20,15:19:39,2.99227,34,-1.15388,12,0.013
2019-11-20,15:22:20,2.50306,75,0.020669,12,0.047
2019-11-20,15:23:46,2.80473,75,0.240361,11.9,0.047
2019-11-20,15:26:17,5.20543,8,0.522722,11.7,0.018
2019-11-20,15:27:42,4.67017,8,0.43911,11.7,0.016
2019-11-20,15:30:03,6.82923,95,-4.98662,11.7,0.022
2019-11-20,15:31:28,5.30141,95,-1.82747,11.7,0.005
2019-11-20,15:33:42,4.25225,33,-0.613653,11.7,0
2019-11-20,15:35:08,2.64692,33,-0.527406,11.7,0.013
2019-11-20,15:38:56,4.60952,109,-3.22652,11.7136,-5.45455e-4
2019-11-20,15:40:22,2.65363,109,-2.53904,11.6,0.004
2019-11-20,15:42:53,4.96373,112,-3.62105,11.6,0.002
2019-11-20,15:44:18,3.20502,112,-3.20961,11.6,0.002
2019-11-20,15:46:40,16.7542,110,-8.36144,11.6,0
2019-11-20,15:48:06,8.64437,110,-4.45263,11.5,0
2019-11-20,15:50:42,4.2378,111,-4.0343,11.5,0
2019-11-20,15:52:09,3.28218,111,-3.43,11.3,0
2019-11-20,15:54:46,2.33418,116,-1.57549,11.2,0
2019-11-20,15:56:11,1.41206,116,-1.2237,11.2,0
2019-11-20,16:04:53,2.01629,114,-1.8932,11.1,0
2019-11-20,16:06:19,1.7099,114,-1.29057,11,0
2019-11-20,16:08:41,2.3204,113,-0.78034,11,0
2019-11-20,16:10:07,2.51997,113,-0.780338,11,0
2019-11-20,16:12:42,2.62462,115,-1.81956,11,0
2019-11-20,16:14:08,2.59767,115,-1.60379,11,0
2019-11-21,12:02:36,2.2116,103,-1.30543,12.8,0.008
2019-11-21,12:04:01,2.06292,103,-1.33915,12.6,0.008
2019-11-21,12:06:13,1.75467,40,-1.74725,12.4,0.004
2019-11-21,12:07:39,1.8364,40,-1.15503,12.3,0.006
2019-11-21,12:09:46,5.35933,84,-2.35629,11.94,0.006
2019-11-21,12:11:11,2.5148,84,-2.11554,11.7,0.012
2019-11-21,12:13:36,2.32914,68,-1.55833,11.6,0
2019-11-21,12:15:01,2.2697,68,-1.5141,11.3,0.003
2019-11-21,12:17:44,1.9537,102,-1.58133,11.1,0
2019-11-21,12:19:10,2.20995,102,-1.46088,11.1,0.009
2019-11-21,12:21:15,2.4963,65,-1.09542,11,0.007
2019-11-21,12:25:01,3.155,38,-1.60784,11,0.009
2019-11-21,12:29:06,3.6685,47,-1.50596,10.8,0.011
2019-11-21,12:30:32,2.12045,47,-1.40358,10.8,0.011
2019-11-21,12:33:31,2.99466,83,-1.75839,10.8,0
2019-11-21,12:34:56,2.11436,83,-1.51983,10.8,0.131
2019-11-21,12:37:01,1.88829,48,-1.20874,11,0.009
2019-11-21,12:38:26,1.95354,48,-1.18776,11.1,0.011
2019-11-21,12:41:07,3.21724,104,-4.02237,11.1,0
2019-11-21,12:42:33,2.69477,104,-1.67937,11.1,0
2019-11-21,12:45:18,2.7798,66,-1.9769,11.2,0.001
2019-11-21,12:46:43,2.67152,66,-1.47232,11.2,0.003
2019-11-21,12:48:41,1.43136,82,-3.78296,11.2,0.003
2019-11-21,12:50:06,2.05904,82,-1.49878,11.2,0.011
2019-11-21,12:52:13,10.1364,37,-3.70959,11.2,0
2019-11-21,12:53:39,5.1752,37,-2.71246,11.2,0
2019-11-21,12:57:39,2.02471,56,-1.78207,11.1,0.013
2019-11-21,12:59:04,1.82558,56,-1.90157,11.1,0.011
2019-11-21,13:01:46,2.41567,106,-1.23528,11.1,-0.001
2019-11-21,13:03:12,2.34901,106,-1.14754,11.1,0.007
2019-11-21,13:05:13,2.93478,44,-1.63856,11.1,0
2019-11-21,13:06:39,2.01863,44,-1.27906,11.1,0
2019-11-21,13:08:55,1.80476,88,-0.835175,11.1,0.003
2019-11-21,13:10:20,2.78757,88,-1.23416,11.1,0.003
2019-11-21,13:12:32,4.94853,57,-2.20404,11.1,0
2019-11-21,13:13:58,4.10472,57,-1.37302,11.1,0.011
2019-11-21,13:16:29,2.10751,86,-1.11164,11,0
2019-11-21,13:17:54,1.65803,86,-1.027,11.1,0.004
2019-11-21,13:20:13,1.92263,55,-0.987604,11,0.006
2019-11-21,13:21:38,1.82241,55,-1.00398,11,0.006
2019-11-21,13:23:56,1.48677,105,-1.10229,11,0.004
2019-11-21,13:25:22,1.51765,105,-1.15901,10.8,0.004
2019-11-21,13:28:17,2.28352,43,-1.53842,10.8,0.006
2019-11-21,13:29:42,1.90031,43,-1.3772200000000001,10.8,0.006
2019-11-21,13:32:07,4.25519,58,-4.6235,11,0
2019-11-21,13:33:33,2.67983,58,-1.12199,11,0
2019-11-21,13:35:56,1.99168,85,-1.75381,11,0
2019-11-21,13:37:22,2.18406,85,-1.75925,11,0
2019-11-21,13:39:51,2.31377,60,-1.54363,11,9.75782e-19
2019-11-21,13:41:17,2.45541,60,-1.73424,11,0.003
2019-11-21,13:43:43,1.85886,107,-0.579288,11.1,0
2019-11-21,13:45:09,1.64817,107,-0.7209,11.2,0.009
2019-11-21,13:47:24,4.14512,41,-4.3182,11.1,0
2019-11-21,13:48:50,3.10334,41,-1.84632,11.1,0
2019-11-21,13:51:14,2.78789,59,-0.950047,11,0.005
2019-11-21,13:52:39,2.04452,59,-0.806545,11.1,0.005
2019-11-21,13:55:10,1.51844,87,-1.39751,11.1,0.006
2019-11-21,13:56:35,1.4251,87,-1.24762,11.1,0.006
2019-11-21,13:59:06,3.16491,42,-2.36456,11,0
2019-11-21,14:00:32,2.64546,42,-2.18617,11.1,0
2019-11-21,14:02:42,2.91679,53,-1.14402,11.1,0
2019-11-21,14:04:08,1.94683,53,-0.888977,11,0.006
2019-11-21,14:06:10,2.09548,108,-1.30044,11,0.01
2019-11-21,14:07:35,1.71671,108,-1.30439,10.8,0.008
2019-11-21,14:09:54,3.98022,54,-8.51924,10.8,0.0032
2019-11-21,14:11:19,2.50893,54,-2.76856,10.7,0
2019-12-19,11:36:08,1.36412,115,-1.50714,13.4,0
2019-12-19,11:37:33,1.01557,115,-1.81316,12.7,0.206
2019-12-19,11:40:57,1.11064,113,-0.858333,10.1,0.063
2019-12-19,11:42:54,0.340266,114,-0.593402,9,0.035
2019-12-19,11:44:20,0.614467,114,-0.813473,8.5,0.02
2019-12-19,11:51:32,1.10866,116,-0.791764,6.5,0
2019-12-19,11:52:58,1.31381,116,-0.977041,6.2,0
2019-12-19,11:55:09,2.02376,112,-2.47883,6.1,0
2019-12-19,11:58:25,0.894668,109,-1.31052,6.1,0
2019-12-19,12:02:04,1.71562,111,-2.7836,5.7,0
2019-12-19,12:03:30,1.55715,111,-2.43523,5.5,0
2019-12-19,12:06:03,4.69011,6,-0.78376,5.1,0.005
2019-12-19,12:09:34,0.615995,93,-0.00375399,5.6,0
2019-12-19,12:10:59,0.786204,93,0.0189183,5.5,0
2019-12-19,12:12:59,0.66284,5,-0.202268,5.3,0
2019-12-19,12:14:24,0.846602,5,-0.295112,5.3,0
2019-12-19,12:16:26,1.85919,76,-0.447319,5.4,0
2019-12-19,12:17:52,1.13477,76,-0.379463,5.42667,0
2019-12-19,12:19:50,1.07094,36,-0.21294,5.48,0
2019-12-19,12:21:16,1.51171,36,-0.0569193,5.8,0
2019-12-19,12:23:14,0.604417,16,-0.160067,6.3,0
2019-12-19,12:24:39,0.447017,16,-0.213925,6.4,0.002
2019-12-19,12:26:29,0.824974,74,-0.110619,6.6,0
2019-12-19,12:27:54,0.878771,74,-0.114183,7.1,0
2019-12-19,12:30:22,0.523584,94,-0.0759252,7.4,0
2019-12-19,12:31:47,0.782771,94,-0.130547,7.5,0
2019-12-19,12:33:51,1.76419,14,-0.25712,7.5,0
2019-12-19,12:37:31,2.24695,35,-0.116776,7.1,0
2019-12-19,12:38:57,2.40745,35,-0.183524,7.1,0.004
2019-12-19,12:40:54,0.351985,13,-0.145774,7,0
2019-12-19,12:42:20,0.514849,13,-0.167242,6.9,0
2019-12-19,12:44:18,0.842948,7,-0.182993,6.7,0
2019-12-19,12:45:44,0.845444,7,-0.218793,6.6,0
2019-12-19,12:47:55,1.03487,73,-1.60599,6.5,0
2019-12-19,12:49:21,1.35981,73,-0.200974,6.5,0
2019-12-19,12:51:22,0.592256,15,-0.00453757,6.6,0
2019-12-19,12:52:47,0.558371,15,-0.132427,6.36,0
2019-12-19,12:55:02,1.36576,96,-0.00684087,7.1,0
2019-12-19,12:56:27,1.45484,96,-0.0915362,6.9,0
2019-12-19,12:58:22,0.829555,34,-0.257788,6.6,0
2019-12-19,12:59:47,0.988381,34,-0.294102,6.38,0
2019-12-19,13:02:30,2.69717,75,-9.80745,5.9,0
2019-12-19,13:03:56,2.93454,75,0.101738,5.8,0
2019-12-19,13:06:29,2.15941,8,-0.583202,5.8,0
2019-12-19,13:07:55,1.71633,8,-0.208815,5.7,0
2019-12-19,13:10:01,1.35985,95,-0.933211,5.7,0
2019-12-19,13:11:27,1.36292,95,-1.16514,5.7,0
2019-12-19,13:13:43,1.14785,33,-0.642215,5.7,0
2019-12-19,13:15:08,1.21899,33,-0.557547,5.6,0
2019-12-19,13:47:28,0.758764,27,-0.205361,5.13333,0.002
2019-12-19,13:48:54,0.627411,27,-0.458468,5.5,0.002
2019-12-19,13:50:54,1.35074,97,-0.138338,5.5,0.002
2019-12-19,13:52:20,1.518,97,-0.13461,5.4,0.002
2019-12-19,13:54:26,0.774024,22,-0.0961311,5.12727,0.00509091
2019-12-19,13:55:51,0.773778,22,-0.1073,4.9,0
2019-12-19,13:57:42,1.20412,10,-0.12704,4.9,0
2019-12-19,13:59:07,0.740743,10,-0.215163,4.9,0.002
2019-12-19,14:01:01,0.956206,26,-0.178457,5,0
2019-12-19,14:02:27,0.842754,26,-0.0931979,4.96,0
2019-12-19,14:04:23,1.45228,100,-0.0865011,5.18636,0
2019-12-19,14:07:33,0.739821,12,-0.00249371,5.3,0.002
2019-12-19,14:08:58,0.556998,12,-0.170025,5.2,0.002
2019-12-19,14:10:53,2.11529,78,-0.0687238,5.1,0
2019-12-19,14:16:58,0.983641,99,-0.0276634,5,0
2019-12-19,14:18:24,1.21563,99,-0.0947074,4.88,0
2019-12-19,14:20:18,1.49931,9,-0.708946,5,0
2019-12-19,14:21:43,1.39909,9,-0.240866,5,0
2019-12-19,14:23:23,0.780022,79,-0.336507,5,0
2019-12-19,14:24:49,0.90603,79,-0.400019,5,0
2019-12-19,14:26:36,0.736077,25,-0.265281,5.1,0
2019-12-19,14:28:02,0.986044,25,-0.382822,5.2,0
2019-12-19,14:30:30,1.35875,97,-0.584581,5.3,0
2019-12-19,14:33:40,1.1586,77,-0.616842,5,0
2019-12-19,14:40:02,1.38873,23,-0.318008,4.7,0
2019-12-19,14:43:16,1.1358,80,-1.52842,4.7,0
2019-12-19,14:44:41,0.89767,80,-1.24159,4.6,0
2019-12-19,14:46:26,1.18418,28,-0.595413,4.64,0
2019-12-19,14:47:52,1.00104,28,-0.586322,4.5,0
2019-12-19,14:52:18,1.11668,21,-0.623928,4.3,0
2019-12-19,14:56:03,2.07341,11,-0.268732,4.2,0
2019-12-19,14:57:28,1.44202,11,-0.169189,4.2,0
2019-12-19,14:59:32,2.99193,24,-0.582937,4.3,0
2019-12-19,15:00:59,2.3845,24,-0.689059,4.3,0
2019-12-19,15:03:09,1.23279,119,-1.80669,4.3,0
2019-12-19,15:04:34,1.1548,119,-2.18339,4.1,0
2019-12-19,15:06:27,1.46872,120,-1.94208,4,0
2019-12-19,15:07:53,1.16249,120,-1.64946,3.9,0
2019-12-19,15:09:42,1.03611,117,-1.44169,3.8,0
2019-12-19,15:11:07,1.00434,117,-1.3793,3.7,0
2019-12-19,15:12:53,1.2568,118,-1.3403,3.6,0
2019-12-19,15:19:08,1.52432,121,-1.05891,3,0
2019-12-19,15:20:34,1.35631,121,-1.2546,2.9,0
2019-12-19,15:22:32,1.02005,124,-1.70361,2.9,0
2019-12-19,15:23:58,0.990687,124,-1.94959,2.9,0
2019-12-19,15:25:51,1.82079,122,-3.20648,3,0
2019-12-19,15:27:17,0.918785,122,-2.62181,2.9,0
2019-12-19,15:29:12,1.28675,123,-1.79734,2.9,0
2019-12-19,15:30:38,1.2862,123,-1.84479,2.9,0
2019-12-20,09:42:34,-0.0534602,56,-0.841646,10.7,0.015
2019-12-20,09:43:59,0.407653,56,-1.38433,9,0.005
2019-12-20,09:46:39,0.500836,106,-1.99614,7.7,0
2019-12-20,09:48:05,0.667435,106,-0.59558,6.5,0.016
2019-12-20,09:50:04,0.841056,44,-0.845957,5.7,0
2019-12-20,09:51:30,0.515202,44,-0.763169,5.2,0
2019-12-20,09:53:43,0.702557,88,-0.605028,4.5,0
2019-12-20,09:55:09,0.730321,88,-0.586013,3.7,0.008
2019-12-20,09:57:13,2.18122,57,-1.3043,3.1,0.004
2019-12-20,09:58:38,1.54546,57,-1.22621,2.8,0.004
2019-12-20,10:02:44,0.797289,43,-0.872614,2,0
2019-12-20,10:04:46,0.609424,105,-0.549516,1.71364,0
2019-12-20,10:06:12,0.522714,105,-0.768742,1.4,0
2019-12-20,10:08:15,0.674682,55,-0.715387,1.1,0.004
2019-12-20,10:09:42,0.775282,55,-0.681891,1.1,0.004
2019-12-20,10:11:44,0.382352,86,-0.397507,0.9,0.004
2019-12-20,10:13:10,0.617605,86,-0.454336,0.7,0
2019-12-20,10:15:29,0.702013,54,-1.64041,0.6,0
2019-12-20,10:16:55,1.32658,54,-2.63517,0.6,0
2019-12-20,10:18:56,0.46824,108,-0.562351,0.6,0
2019-12-20,10:20:22,0.489642,108,-0.598744,0.6,0
2019-12-20,10:22:21,0.470775,42,-0.602208,0.6,0
2019-12-20,10:23:47,0.385074,42,-0.733012,0.6,0
2019-12-20,10:25:45,0.804228,53,-0.597925,0.6,0
2019-12-20,10:27:11,0.945142,53,-0.780105,0.5,0
2019-12-20,10:29:25,0.442093,87,-0.562987,0.5,0
2019-12-20,10:30:51,0.702164,87,-0.705479,0.5,0
2019-12-20,10:32:44,1.29588,41,-1.60827,0.5,0
2019-12-20,10:34:10,1.49375,41,-1.46083,0.5,0
2019-12-20,10:36:12,0.559452,59,-0.533812,0.5,0
2019-12-20,10:37:39,0.635412,59,-0.53687,0.5,0
2019-12-20,10:39:38,0.240686,107,-0.189555,0.4,0
2019-12-20,10:41:04,0.349039,107,-0.300948,0.4,0
2019-12-20,10:43:15,0.508329,60,-0.525794,0.4,0
2019-12-20,10:44:41,0.56385,60,-0.593304,0.5,0
2019-12-20,10:46:46,0.574812,85,-0.784914,0.586364,0
2019-12-20,10:48:12,0.409475,85,-0.851828,0.8,0
2019-12-20,10:50:04,0.292182,58,-0.333283,1,0
2019-12-20,10:51:30,0.677553,58,-0.585266,0.9,0
2019-12-20,12:31:21,1.04687,50,3.28667,10.8,0
2019-12-20,12:32:47,0.273196,50,-0.0447008,10.0818,0
2019-12-20,12:34:54,1.62224,4,-0.546712,8.39333,0
2019-12-20,12:36:19,2.09081,4,-0.628867,7.7,0
2019-12-20,12:38:13,0.642288,90,0.168186,7.3,0
2019-12-20,12:39:39,0.782468,90,0.344414,7,0
2019-12-20,12:43:51,0.546356,29,0.0709127,6.13333,0
2019-12-20,12:45:16,0.501916,29,0.0434786,5,0
2019-12-20,12:47:05,0.391269,52,-0.430819,4.4,0
2019-12-20,12:48:31,0.372435,52,-0.0100326,4.2,0
2019-12-20,12:50:43,1.01581,91,0.66166,4,0
2019-12-20,12:52:09,1.34814,91,0.783848,3.8,0
2019-12-20,12:53:55,0.771124,19,-0.147825,3.54,0
2019-12-20,12:55:20,0.505237,19,-0.180107,3.4,0
2019-12-20,12:58:35,0.663412,72,-0.183931,3.3,0
2019-12-20,13:00:22,0.755183,64,-0.233643,3.3,0
2019-12-20,13:01:47,1.50838,64,-0.217803,3.52273,0
2019-12-20,13:03:51,2.365,2,-0.674325,3.43333,0
2019-12-20,13:05:16,0.43442,2,-0.243363,3.2,0
2019-12-20,13:07:14,1.52071,30,-0.400516,3.2,0
2019-12-20,13:08:39,1.03226,30,-0.354917,3.1,0
2019-12-20,13:10:38,2.17241,92,-1.25701,2.9,0
2019-12-20,13:12:04,0.819166,92,-0.573418,2.9,0
2019-12-20,13:14:13,1.07434,17,0.37807,2.9,0
2019-12-20,13:15:39,1.13208,17,0.448532,2.9,0
2019-12-20,13:17:29,4.54865,63,-0.123467,3,0
2019-12-20,13:18:55,2.85107,63,-0.108408,2.9,0
2019-12-20,13:20:56,0.550028,71,2.38969,2.9,0
2019-12-20,13:22:23,0.74617,71,3.38253,2.9,0
2019-12-20,13:24:17,1.3687,1,-0.136901,2.8,0
2019-12-20,13:25:42,1.19735,1,-0.10577,2.8,0
2019-12-20,13:27:28,1.023,69,-0.365795,2.8,0
2019-12-20,13:32:02,0.799822,62,-0.138309,2.2,0
2019-12-20,13:33:44,1.32085,32,-0.425778,2.1,0
2019-12-20,13:35:10,0.982354,32,-0.392737,2.1,0
2019-12-20,13:45:31,1.11016,20,-0.544639,2.2,0
2019-12-20,13:46:56,1.06629,20,-0.511133,2.2,0
2019-12-20,13:49:13,2.31438,18,-0.487035,2.2,0
2019-12-20,13:50:39,1.36045,18,-0.247375,2.1,0
2019-12-20,13:52:47,0.90554,3,-0.423675,2,0
2019-12-20,13:54:13,0.807412,3,-0.602257,2,0
2019-12-20,13:57:34,0.77148,70,-0.291804,2.2,0
2019-12-20,13:59:35,1.18258,49,0.0692008,2.4,0
2019-12-20,14:01:01,0.955372,49,0.0283062,2.4,0
2019-12-20,14:02:56,0.687912,89,0.211261,2.4,0
2019-12-20,14:04:22,0.899031,89,0.292078,2.5,0
2019-12-20,14:06:22,0.868625,31,-0.585084,2.4,0
2019-12-20,14:07:47,1.09275,31,-0.646646,2.4,0
2019-12-20,14:09:37,0.446764,61,-0.290781,2.2,0
2019-12-20,14:11:03,0.6297,61,-0.363055,2.3,0
2019-12-20,14:13:05,0.540203,51,-0.260732,2.3,0
2019-12-20,14:14:30,0.49335,51,-0.179413,2.4,0
2020-01-14,14:51:00,3.61576,115,-1.66923,11.7545,0.0551818
2020-01-14,14:52:25,1.13564,115,-0.914984,11.3,0.037
2020-01-14,14:54:24,1.5216,114,-1.57814,11.1,0.021
2020-01-14,14:55:49,0.736859,114,-0.881472,10.8,0.014
2020-01-14,14:57:29,5.52674,113,-1.19362,10.6,0
2020-01-14,14:58:54,1.71283,113,-0.689733,10.4,0.015
2020-01-14,15:01:00,3.86919,116,-1.51299,10.3,0
2020-01-14,15:02:25,2.19606,116,-1.13722,10.2,0
2020-01-14,15:04:41,5.52216,111,-3.69014,10.1,0
2020-01-14,15:06:05,3.94246,111,-2.407,9.88182,0
2020-01-14,15:09:27,2.65125,110,-1.34763,9.7,0
2020-01-14,15:12:44,4.37912,109,-2.55856,9.7,0
2020-01-14,15:14:29,3.44925,112,-2.69965,9.6,0
2020-01-14,15:15:54,3.5258,112,-1.78673,9.6,0
2020-01-14,15:22:16,4.93852,6,-0.410684,9.5,0
2020-01-14,15:23:42,2.66359,6,-0.540329,9.5,0
2020-01-14,15:25:41,4.90868,5,-6.65518,9.5,0
2020-01-14,15:27:07,4.59446,5,-0.824619,9.5,0.003
2020-01-14,15:29:10,2.16339,36,-0.148175,9.3,0.002
2020-01-14,15:30:36,4.42257,36,-0.0655,9.3,0.002
2020-01-14,15:32:31,3.36617,76,-0.795582,9.2,0.002
2020-01-14,15:33:57,2.22634,76,-0.28143,9.2,0.002
2020-01-14,15:35:54,2.06974,16,-0.574784,9.2,0.002
2020-01-14,15:37:20,1.57963,16,-0.179131,9.1,0.016
2020-01-14,15:39:09,1.80381,74,-0.121861,9.1,0
2020-01-14,15:40:35,1.88792,74,-0.117027,9.1,0
2020-01-14,15:42:38,3.2782,14,-0.0590028,9.1,0
2020-01-14,15:44:03,2.06726,14,-0.125804,9.1,0
2020-01-14,15:46:05,9.47742,73,-1.61993,9.2,0
2020-01-14,15:47:30,3.11222,73,-0.467252,9.2,0
2020-01-14,15:49:18,3.08168,7,-0.626354,9.2,0.001
2020-01-14,15:50:43,5.23813,7,-0.50653,9.2,0
2020-01-14,15:52:48,5.5684,13,-0.911677,9.2,0
2020-01-14,15:54:13,2.32808,13,-0.289733,9.2,0
2020-01-14,15:56:06,1.28326,15,0.643559,9.2,0
2020-01-14,15:57:31,3.09288,15,0.0503753,9.2,0
2020-01-14,15:59:17,3.74397,34,-0.28253,9.3,0
2020-01-14,16:00:43,1.41787,34,-0.213745,9.2,0
2020-01-14,16:02:43,3.92759,75,-0.0529956,9.3,0
2020-01-14,16:04:09,2.45518,75,0.310633,9.2,0
2020-01-14,16:06:15,13.1112,8,-1.94205,9.2,0
2020-01-14,16:07:40,5.25232,8,-0.601715,9.2,0
2020-01-14,16:11:32,2.37731,33,-0.871815,9.2,0
2020-01-14,16:14:33,3.62673,35,-0.262889,9.2,0.003
2020-01-14,16:15:58,2.05966,35,-0.0183922,9.08636,0.003
2020-01-17,10:39:18,0.400199,51,-0.172104,11.6,0.455
2020-01-17,10:40:43,0.428867,51,-0.42751,11,0.441
2020-01-17,10:42:47,0.416902,61,-0.168321,9.8,0.403
2020-01-17,10:44:13,0.474092,61,-0.286921,9,0.037
2020-01-17,10:45:58,0.756846,31,-0.454416,8.56,0.1618
2020-01-17,10:49:19,1.51615,3,-1.01698,7.1,0.038
2020-01-17,10:50:45,3.88366,3,-2.01198,6.6,0.031
2020-01-17,10:52:32,0.492572,70,-0.0530032,6.2,0
2020-01-17,10:56:03,0.383933,49,-0.0160149,5.5,0.033
2020-01-17,10:57:29,0.507556,49,-0.0018001,5.4,0.027
2020-01-17,10:59:20,0.694236,18,-0.144501,5.2,0
2020-01-17,11:00:45,0.813802,18,-0.211022,4.9,0.005
2020-01-17,11:02:47,0.395372,62,-0.105559,4.6,0.006
2020-01-17,11:04:13,0.726096,62,-0.153451,4.4,0.012
2020-01-17,11:06:15,0.835521,32,-0.273585,4.3,0.006
2020-01-17,11:07:41,0.918751,32,-0.403306,4.2,0.006
2020-01-17,11:09:28,3.49869,20,-0.730873,4,0
2020-01-17,11:10:54,1.5524,20,-0.565112,4.13333,0
2020-01-17,11:13:03,0.796793,1,-0.00330225,3.8,0.005
2020-01-17,11:14:29,0.746908,1,-2.18754e-4,3.7,0.005
2020-01-17,11:16:10,0.341324,71,0.958253,3.5,0.006
2020-01-17,11:17:36,0.559786,71,1.80887,3.5,0.002
2020-01-17,11:19:12,2.26734,63,0.384368,3.5,0
2020-01-17,11:20:37,2.01901,63,0.123431,3.6,0
2020-01-17,11:22:13,1.3179,17,0.148223,3.6,0
2020-01-17,11:23:38,1.27271,17,0.186629,3.6,0
2020-01-17,11:25:21,0.542754,30,-0.149407,3.4,0
2020-01-17,11:26:47,0.483772,30,-0.214209,3.4,0
2020-01-17,11:28:33,0.387615,2,-0.179319,3.4,0
2020-01-17,11:29:59,0.233997,2,-0.112118,3.5,0
2020-01-17,11:31:48,0.700107,64,-0.196341,3.5,0
2020-01-17,11:33:14,1.25071,64,-0.226185,3.6,0.001
2020-01-17,11:35:03,0.401037,72,-0.119113,3.8,0
2020-01-17,11:36:29,0.455273,72,-0.149856,3.9,0
2020-01-17,11:38:14,0.643714,19,-0.104931,4,0
2020-01-17,11:39:39,0.705366,19,-0.0937268,4.1,0
2020-01-17,11:42:27,0.216075,52,-0.0795105,4,0.006
2020-01-17,11:43:53,0.275662,52,-0.696149,4,0.004
2020-01-17,11:45:30,0.42734,29,1.34928e-4,4,0
2020-01-17,11:46:56,0.270103,29,-0.0974427,4,0
2020-01-17,11:48:41,1.31322,4,-0.308514,4.1,0
2020-01-17,11:50:07,3.51534,4,-0.792917,4,0
2020-01-17,11:51:52,0.281919,50,-0.0445752,4,0
2020-01-24,14:59:15,1.14111,77,-2.38355,12.3,0.136
2020-01-24,15:00:40,0.562476,77,-0.292923,12.1,0.138
2020-01-24,15:03:36,1.93695,11,-0.170657,11.9,0.021
2020-01-24,15:05:02,0.908211,11,-0.0981593,11.74,0.0278
2020-01-24,15:07:10,1.4939,28,-0.906826,11.5,0.032
2020-01-24,15:08:35,1.16027,28,-0.37764,11.5,0.03
2020-01-24,15:10:49,1.39529,80,-1.7955,11.3,0
2020-01-24,15:12:15,0.747621,80,-1.00395,11.1,0.008
2020-01-24,15:15:33,4.93564,23,-1.07933,11.1,0.013
2020-01-24,15:16:59,0.939405,23,-0.195297,11.1,0.012
2020-01-24,15:20:31,1.23814,25,-0.359503,11,0
2020-01-24,15:21:57,0.892864,25,-0.24719,11,0
2020-01-24,15:24:20,1.07442,79,0.186518,11.1,0.014
2020-01-24,15:25:46,0.522207,79,-0.245074,11.1,0.025
2020-01-24,15:27:48,1.45033,9,-0.105139,10.8,0
2020-01-24,15:29:13,1.00573,9,-0.0948951,10.8,0.036
2020-01-24,15:31:47,2.22803,78,-0.0208608,10.8,0.04
2020-01-24,15:33:12,1.23507,78,-0.129443,11,0.06
2020-01-24,15:35:09,0.584746,12,-0.163253,11,0.022
2020-01-24,15:36:34,1.32375,12,-0.0987371,11,0.022
2020-01-24,15:38:46,1.15445,26,-0.0496481,10.8,0
2020-01-24,15:40:12,0.992899,26,-0.191223,11.1,0.012
2020-01-24,15:43:54,0.645134,10,-0.112856,11,0.195
2020-01-24,15:45:47,1.30288,24,-0.189298,11,0
2020-01-24,15:47:12,1.13606,24,-0.273546,11,0
2020-01-24,15:49:16,1.17656,22,-0.0380937,11,0.014
2020-01-24,15:50:41,0.713114,22,-0.40161,10.8,0.016
2020-01-24,15:52:50,1.06697,27,-0.0233097,10.7,0
2020-01-24,15:54:16,0.853638,27,-0.113409,10.7,0.021
2020-01-24,15:57:08,1.59709,119,-2.97078,10.6,0
2020-01-24,16:00:49,1.04759,117,-1.46022,10.3,0
2020-01-24,16:02:14,1.21717,117,-1.09019,10.3,0.001
2020-01-24,16:04:24,1.01025,120,-2.09602,10.1,0
2020-01-24,16:05:49,0.648949,120,-0.857897,9.9,0
2020-01-24,16:08:01,0.732481,118,-1.23649,9.6,0
2020-01-24,16:09:27,0.703168,118,-0.712183,9.5,0
2020-01-24,16:11:48,1.82184,121,-0.893235,9.5,0
2020-01-24,16:15:11,0.923116,124,-1.39675,9.3,0
2020-01-24,16:18:38,2.25088,122,-2.79021,9.6,0
2020-01-24,16:20:04,1.14966,122,-1.89593,9.6,0
2020-01-24,16:22:31,2.02705,123,-3.08143,9.6,0
2020-01-24,16:23:57,1.47804,123,-1.65207,9.6,0
2020-01-30,16:05:05,1.10182,39,-0.462133,8,0
2020-01-30,16:06:31,1.02492,39,-0.426583,7.7,0
2020-01-30,16:10:01,0.910255,81,-0.660549,7.1,0
2020-01-30,16:11:26,0.646003,81,-0.586407,6.9,0
2020-01-30,16:13:40,0.314743,47,-0.176591,6.6,0
2020-01-30,16:15:05,0.388447,47,-0.234494,6.2,0
2020-01-30,16:17:58,0.473093,38,-0.395474,5.8,0
2020-01-30,16:19:24,0.590942,38,-0.533545,5.6,0
2020-01-30,16:22:17,0.626539,48,-0.34546,5.4,0
2020-01-30,16:23:43,0.709871,48,-0.362096,5.3,0
2020-01-30,16:26:39,0.633475,82,-0.649536,5.2,0
2020-01-30,16:28:05,0.638314,82,-0.698728,5.1,0
2020-01-30,16:30:56,1.14586,37,-0.866439,5.03182,0
2020-01-30,16:32:22,0.99079,37,-0.868819,4.9,0
2020-01-30,16:35:33,0.35481,66,-0.319928,4.7,0
2020-01-30,16:36:58,0.411192,66,-0.335656,4.8,0
2020-01-30,16:40:31,0.684982,83,-0.329749,4.8,0
2020-01-30,16:41:56,0.496585,83,-0.32204700000000003,4.7,0
2020-01-30,16:44:33,0.354451,67,-0.359581,4.7,0
2020-01-30,16:48:35,0.413361,65,-0.324349,4.5,0
2020-01-30,16:50:01,0.437812,65,-0.327984,4.4,0
2020-01-30,16:52:27,1.01388,45,-0.619963,4.3,0
2020-01-30,16:53:53,0.719105,45,-0.600705,4.2,0
2020-01-30,16:55:55,0.812483,46,-0.727769,4.2,0
2020-01-30,16:59:46,0.7207,40,-0.791213,4.1,0
2020-01-30,17:01:12,0.767608,40,-0.720354,4.1,0
2020-01-30,17:03:53,0.90623,84,-0.888623,4.2,0
2020-01-30,17:05:18,0.740104,84,-0.888809,4.2,0
2020-01-30,17:07:29,0.50369,68,-0.731517,4.3,0
2020-01-31,11:33:26,0.72756,57,-0.32457,9.3,0.06
2020-01-31,11:34:51,0.760929,57,-0.310167,9.1,0.049
2020-01-31,11:38:26,0.297162,88,-0.295669,8.1,0.035
2020-01-31,11:39:52,0.376182,88,-0.366819,7.8,0.188
2020-01-31,11:44:07,0.769146,44,-0.549983,7.2,0.006
2020-01-31,11:45:33,0.753811,44,-0.595468,7,0.006
2020-01-31,11:49:58,0.403239,56,-0.87648,6.6,0.018
2020-01-31,11:51:23,0.793066,56,-1.04434,6.3,0.017
2020-01-31,11:54:44,1.13091,54,-1.90658,6.4,0
2020-01-31,11:56:10,1.23473,54,-2.04711,6.4,0
2020-01-31,12:00:13,1.04446,53,-0.669576,6.42,0
2020-01-31,12:01:38,1.25622,53,-0.827623,6.3,0
2020-01-31,12:04:38,0.284936,42,-0.445335,6.2,0
2020-01-31,12:06:04,0.443407,42,-0.79022,6.2,0
2020-01-31,12:11:09,0.584948,86,-0.435839,6.1,0
2020-01-31,12:16:01,0.486476,55,-0.555754,6.1,0
2020-01-31,12:17:27,0.658197,55,-0.60515,6,0
2020-01-31,12:21:00,0.77483,43,-0.802095,6.1,0
2020-01-31,12:22:25,1.05996,43,-0.96415,6.1,0
2020-01-31,12:30:01,0.714787,85,-0.77993,6.3,0
2020-01-31,12:31:27,0.886374,85,-0.963507,6.3,0
2020-01-31,12:34:47,1.66966,60,-1.2462,6.4,0
2020-01-31,12:36:13,1.26099,60,-1.11393,6.32,0
2020-01-31,12:40:45,4.9698,59,-1.12748,6.2,0
2020-01-31,12:42:11,0.804637,59,-3.21709,6.2,0
2020-01-31,12:45:37,1.37432,41,-1.19732,6.2,0
2020-01-31,12:47:02,1.14721,41,-1.18861,6.2,0
2020-01-31,12:50:02,0.724076,87,-0.705968,6.4,0
2020-01-31,12:51:27,0.855773,87,-0.761369,6.5,0
2020-02-20,10:59:55,1.41873,50,-1.80081,8.6,0.005
2020-02-20,11:01:20,1.12258,50,-0.0702675,8.3,0.007
2020-02-20,11:03:38,2.69163,4,-0.0787637,7.5,0
2020-02-20,11:05:03,3.71854,4,-0.104672,7.4,0
2020-02-20,11:06:58,0.355562,29,-0.0614059,7,0.001
2020-02-20,11:08:24,0.358256,29,-0.0728419,6.7,0
2020-02-20,11:10:26,0.4211,52,-0.070812,6.52727,-8.18182e-4
2020-02-20,11:11:52,0.379347,52,-2.37857,6.3,0.001
2020-02-20,11:14:04,0.670845,90,0.0189131,6.2,0
2020-02-20,11:15:30,0.960959,90,0.00335232,6.1,0
2020-02-20,11:17:32,0.510971,64,-0.0880112,5.97333,0
2020-02-20,11:18:57,1.45149,64,-0.331753,5.8,0
2020-02-20,11:21:00,3.14544,91,1.45981,5.7,0
2020-02-20,11:22:26,0.965689,91,0.138815,5.5,0
2020-02-20,11:24:46,0.459201,19,-0.0810024,5.4,0
2020-02-20,11:26:12,0.638459,19,-0.142626,5.3,0
2020-02-20,11:28:07,0.412674,72,-0.0190929,5.1,0
2020-02-20,11:29:32,0.718243,72,-0.0577052,5.04091,0
2020-02-20,11:32:02,2.92709,2,-0.222734,5,0
2020-02-20,11:33:27,1.00418,2,-0.210927,4.97273,0
2020-02-20,11:35:27,0.747534,30,-0.207101,5.1,0
2020-02-20,11:36:53,0.911392,30,-0.264065,5.2,0
2020-02-20,11:38:54,0.975635,92,-0.156629,5.3,0
2020-02-20,11:42:18,1.35054,17,0.198298,5.4,0
2020-02-20,11:43:43,0.639331,17,0.0686686,5.3,0
2020-02-20,11:45:52,0.533977,63,-0.108692,5.3,0
2020-02-20,11:47:18,0.521406,63,-0.234744,5.3,0
2020-02-20,11:49:25,1.65238,71,0.609114,5.3,0
2020-02-20,11:50:51,1.75693,71,0.532292,5.2,0.194
2020-02-20,11:53:24,4.2721,1,-0.0529491,5.21364,0
2020-02-20,11:54:50,2.73846,1,-1.51318,5.1,0
2020-02-20,11:57:32,2.57798,69,-0.0936662,5.14091,0
2020-02-20,11:58:58,1.49652,69,-0.317534,5.3,0
2020-02-20,12:01:04,0.878036,62,-0.0678794,5.4,0
2020-02-20,12:02:30,0.630124,62,-0.410213,5.3,0
2020-02-20,12:04:26,0.879796,32,-0.0911368,5.33333,0
2020-02-20,12:07:47,4.93747,18,-0.277,5.2,0
2020-02-20,12:09:12,5.77287,18,-0.288346,5.2,0
2020-02-20,12:12:18,2.63851,20,-0.796203,5.1,0
2020-02-20,12:13:43,2.65021,20,-0.689675,5.1,0
2020-02-20,12:16:07,1.27117,3,-0.692135,5.1,0
2020-02-20,12:17:32,2.26509,3,-1.15159,5,0
2020-02-20,12:20:50,1.20695,70,-0.100885,5,0
2020-02-20,12:22:44,3.02121,49,-0.00637156,5.1,0
2020-02-20,12:24:10,1.91808,49,-0.0322409,5.3,0
2020-02-20,12:26:05,1.9209,31,-0.717705,5.5,0
2020-02-20,12:27:30,2.06131,31,-0.851616,5.4,0
2020-02-20,12:29:22,1.52042,89,-0.0496406,5.3,0
2020-02-20,12:30:47,1.80725,89,-0.0557155,5.2,0
2020-02-20,12:32:38,0.956643,61,-0.623008,5.1,0
2020-02-20,12:34:03,1.1312,61,-0.779594,5,0
2020-02-20,12:35:58,0.475097,51,-0.612078,4.9,0
2020-02-20,12:37:23,0.382148,51,-0.119043,4.9,0
2020-02-20,13:25:40,0.594583,101,-0.517386,8.9,0
2020-02-20,13:27:06,0.696577,101,-0.522623,8.4,0
2020-02-20,13:30:57,1.58408,37,-1.37395,7.7,0
2020-02-20,13:32:23,1.31149,37,-1.21094,7.3,0
2020-02-20,13:35:36,0.877287,82,-0.798654,6.7,0
2020-02-20,13:37:48,0.595226,66,-0.327921,6.4,0
2020-02-20,13:41:09,0.394379,104,-0.192515,5.7,0
2020-02-20,13:42:34,0.299699,104,-0.23271,5.6,0
2020-02-20,13:44:39,0.412111,48,-0.219393,5.3,0
2020-02-20,13:46:05,0.706238,48,-0.366564,5.1,0
2020-02-20,13:48:10,0.587109,83,-0.228283,5,0
2020-02-20,13:51:28,0.754717,38,-0.553472,5.1,0
2020-02-20,13:52:53,1.02393,38,-0.839812,4.97273,0
2020-02-20,13:55:03,0.691945,47,-0.37821,5,0
2020-02-20,13:56:29,0.786759,47,-0.348281,5,0
2020-02-20,14:00:11,0.932372,81,-0.541669,5.1,0
2020-02-20,14:01:36,0.920621,81,-0.65563,5.1,0
2020-02-20,14:03:37,1.9428,39,-0.81648,5.1,0
2020-02-20,14:05:02,2.25446,39,-0.855828,5.1,0
2020-02-20,14:07:24,1.0659,46,-0.915095,5.1,0
2020-02-20,14:08:49,0.85657,46,-0.65881,5,0
2020-02-20,14:10:38,0.443623,67,-0.580372,5,0
2020-02-20,14:12:04,0.415566,67,-0.551498,4.9,0
2020-02-20,14:14:09,0.881726,65,-0.376652,4.7,0
2020-02-20,14:15:34,0.741444,65,-0.384617,4.7,0
2020-02-20,14:17:43,0.699165,102,-0.690634,4.6,0
2020-02-20,14:19:09,0.793381,102,-0.838355,4.5,0
2020-02-20,14:21:32,1.12861,45,-0.706643,4.5,0
2020-02-20,14:22:58,0.947149,45,-0.716848,4.5,0
2020-02-20,14:26:24,0.650045,103,-0.476698,4.5,0
2020-02-20,14:31:20,0.848742,40,-0.698188,4.6,0
2020-02-20,14:32:45,1.02351,40,-0.76093,4.6,0
2020-02-20,14:34:36,0.32676,84,-0.546883,4.6,0
2020-02-20,14:36:01,0.58528,84,-0.835316,4.7,0
2020-02-20,14:38:07,0.561528,68,-0.438498,4.7,0
2020-02-20,14:39:32,0.641422,68,-0.49581,4.8,0
2020-02-20,14:42:10,0.425364,106,-0.213907,4.7,0
2020-02-20,14:43:36,0.680568,106,-0.339861,4.8,0
2020-02-20,14:45:31,0.664574,44,-0.679936,4.8,0
2020-02-20,14:46:57,0.614518,44,-0.648157,4.7,0
2020-02-20,14:49:16,0.924475,56,-1.044,4.6,0
2020-02-20,14:50:41,0.790989,56,-1.03133,4.6,0
2020-02-20,14:53:03,2.71827,54,-5.72565,4.4,0
2020-02-20,14:54:29,2.05513,54,-3.16481,4.4,0
2020-02-20,14:56:25,0.394071,108,-0.247118,4.3,0
2020-02-20,14:57:51,0.634279,108,-0.358442,4.3,0
2020-02-20,14:59:54,1.03011,53,-0.600153,4.4,0
2020-02-20,15:01:19,1.39267,53,-0.8333,4.4,0
2020-02-20,15:03:16,0.333566,42,-0.570454,4.4,0
2020-02-20,15:04:42,0.55823,42,-0.699798,4.4,0
2020-02-20,15:06:52,0.546138,86,-0.414555,4.5,0
2020-02-20,15:08:18,0.474414,86,-0.657912,4.5,0
2020-02-20,15:10:31,0.604444,88,-0.38918,4.5,0
2020-02-20,15:11:57,0.833717,88,-0.462764,4.5,0
2020-02-20,15:13:53,0.949274,57,-0.356776,4.5,0
2020-02-20,15:15:19,1.03512,57,-0.474595,4.5,0
2020-02-20,15:17:16,0.292654,55,-0.406902,4.5,0
2020-02-20,15:18:41,0.355867,55,-0.410203,4.4,0
2020-02-20,15:20:57,0.850328,105,-0.623384,4.42,0
2020-02-20,15:22:23,0.900687,105,-0.761128,4.3,0
2020-02-20,15:24:32,0.46716800000000003,43,-0.522211,4.3,0
2020-02-20,15:25:57,0.463617,43,-0.604842,4.3,0
2020-02-20,15:28:08,0.654734,58,-0.390915,4.3,0
2020-02-20,15:29:34,0.799022,58,-0.412458,4.3,0
2020-02-20,15:31:38,0.595195,85,-0.581866,4.4,0
2020-02-20,15:33:03,0.703987,85,-7.97309,4.4,0
2020-02-20,15:35:27,0.732427,60,-0.757488,4.3,0
2020-02-20,15:36:52,0.735821,60,-0.826519,4.3,0
2020-02-20,15:39:09,0.583634,59,-0.425311,4.2,0
2020-02-20,15:40:35,0.808567,59,-0.461389,4.2,0
2020-02-20,15:42:49,0.557792,107,-0.274229,4.2,0
2020-02-20,15:44:14,0.611695,107,-0.334814,4.2,0
2020-02-20,15:46:10,1.83085,41,-1.02473,4.3,0
2020-02-20,15:47:36,1.26237,41,-0.839689,4.3,0
2020-02-20,15:49:43,0.75307,87,-0.489976,4.3,0
2020-02-20,15:51:09,0.914298,87,-0.518089,4.2,0
2020-02-21,10:36:12,-0.0206392,98,0.311641,7.6,0.128
2020-02-21,10:37:37,0.0379184,98,0.177254,7.3,0.111
2020-02-21,10:39:30,0.348837,27,20.5673,6.7,0.105
2020-02-21,10:40:56,0.307513,27,0.11995,6.5,0.114
2020-02-21,10:44:17,0.494771,22,-0.037014,6.1,0.391
2020-02-21,10:45:43,0.558046,22,-0.041747,6.1,0.42
2020-02-21,10:47:44,0.738768,10,-0.437728,6.1,0
2020-02-21,10:49:09,0.562826,10,-0.36409,6,0.039
2020-02-21,10:51:09,1.24571,78,-0.1033,5.9,0.302
2020-02-21,10:52:35,1.5011,78,-0.109552,5.9,0.039
2020-02-21,10:54:35,1.13391,12,-0.134209,5.9,0
2020-02-21,10:56:01,1.20125,12,1.45351,5.8,0.0288
2020-02-21,10:58:10,1.03418,26,-0.133414,5.8,0.012
2020-02-21,10:59:36,0.965273,26,-0.148654,5.9,0.01
2020-02-21,11:01:37,1.95148,100,-0.266765,6,0.005
2020-02-21,11:03:02,2.09115,100,-0.238596,6.06,0.0022
2020-02-21,11:05:07,0.784804,99,-0.1194,6.2,0.0046
2020-02-21,11:06:32,1.20167,99,-0.327297,6.3,0
2020-02-21,11:09:06,1.35319,25,-0.324024,6.6,0
2020-02-21,11:10:32,2.29967,25,-1.20969,6.6,0
2020-02-21,11:12:51,0.457147,24,-0.178322,6.6,0
2020-02-21,11:14:17,0.802745,24,-0.256649,6.6,0
2020-02-21,11:16:05,1.29713,79,-1.00511,6.6,0
2020-02-21,11:17:30,2.1671,79,-0.998499,6.6,0
2020-02-21,11:19:19,1.17658,9,-0.32995,6.7,0
2020-02-21,11:20:44,1.42539,9,-0.428583,6.7,0
2020-02-21,11:22:46,0.607647,97,-0.305966,6.6,0
2020-02-21,11:24:12,0.706248,97,-0.426547,6.5,0.116
2020-02-21,11:25:54,0.674624,77,-0.253381,6.5,0.132
2020-02-21,11:27:19,0.502958,77,-0.300713,6.7,0.192
2020-02-21,11:29:26,1.30186,11,-0.169789,6.9,0
2020-02-21,11:30:51,0.989777,11,-0.158724,7,0
2020-02-21,11:33:05,0.495419,21,-0.390453,6.9,6.50521e-19
2020-02-21,11:36:34,0.67702,28,-0.422259,6.6,0
2020-02-21,11:37:59,0.57064,28,-0.400969,6.6,0
2020-02-21,11:39:46,1.07598,80,-0.993906,6.6,0
2020-02-21,11:41:12,0.775229,80,-1.16133,6.6,0.003
2020-02-21,11:42:53,0.688628,23,-0.270648,6.5,0.001
2020-02-21,11:44:19,1.03735,23,-0.225272,6.4,0
2020-02-21,11:46:35,1.11735,117,-1.36672,6.3,0
2020-02-21,11:48:01,1.39517,117,-1.43906,6.22,0
2020-02-21,11:49:47,0.85617,120,-1.1408,6.6,0
2020-02-21,11:51:12,1.28965,120,-1.05893,6.7,0.152
2020-02-21,11:54:23,0.714593,119,-1.96452,6.9,0
2020-02-21,11:56:22,1.10262,118,-0.956254,7,0
2020-02-21,11:57:48,1.1017,118,-0.772877,6.9,0.001
2020-02-21,11:59:40,1.14769,121,-1.1314,6.5,0
2020-02-21,12:01:05,1.34204,121,-1.21863,6.28182,0
2020-02-21,12:03:00,0.585707,124,-1.09793,6.23333,0
2020-02-21,12:04:26,0.631473,124,-1.13284,6.1,0
2020-02-21,12:07:55,0.635699,122,-1.92716,6.1,0
2020-02-21,12:09:48,1.2969,123,-1.85345,6.5,0
2020-02-21,12:11:14,1.29978,123,-1.84833,6.3,0
2020-02-21,12:26:25,0.248913,116,-1.8577,5.4,0
2020-02-21,12:27:51,0.462618,116,-0.666705,5.6,0
2020-02-21,12:29:39,0.5961,115,-0.850266,6.3,0
2020-02-21,12:31:05,0.646834,115,-0.829139,6.5,0
2020-02-21,12:34:22,0.696544,113,-0.65159,7.3,0
2020-02-21,12:36:06,0.695096,114,-0.797843,7.4,0
2020-02-21,12:37:32,0.500566,114,-0.591617,7.6,0
2020-02-21,12:41:04,0.989766,111,-2.20083,7.8,0
2020-02-21,12:42:47,0.56771,110,-0.791174,7.8,0
2020-02-21,12:44:12,0.65939,110,-2.12578,8.1,0
2020-02-21,12:47:24,1.03746,109,-1.64756,7.8,0.16
2020-02-21,12:49:17,0.389362,112,-0.918816,7.6,0
2020-02-21,12:53:08,1.18523,6,-0.691681,7.4,0
2020-02-21,12:54:33,1.45818,6,-0.743412,7.7,0
2020-02-21,12:56:40,1.03219,93,0.02599,8.2,0
2020-02-21,12:58:05,1.22949,93,0.0540275,8,0
2020-02-21,13:00:17,2.1924,5,-0.849706,7.5,0
2020-02-21,13:01:43,1.82504,5,-0.795458,7.5,0
2020-02-21,13:03:38,1.14657,36,-0.148118,7.8,0.09
2020-02-21,13:05:04,1.01621,36,-0.15621,8.18,0.1062
2020-02-21,13:06:53,1.37451,76,-0.49075,9.3,0.069
2020-02-21,13:08:19,1.43547,76,-0.57032,9.9,0.054
2020-02-21,13:10:18,0.865035,16,-0.0967476,10.2,0.079
2020-02-21,13:11:44,0.398189,16,-0.0625569,10.2,0.098
2020-02-21,13:13:38,0.864732,74,-0.99753,10.3,0
2020-02-21,13:15:05,1.04421,74,-0.10892,10.4,0.004
2020-02-21,13:16:49,1.54899,94,-0.563718,10.7,0.01
2020-02-21,13:18:15,1.87624,94,-1.352,10.4,0.078
2020-02-21,13:20:16,1.10549,14,-0.110539,10.2,0.003
2020-02-21,13:21:41,1.03731,14,-0.273243,10.2,0.003
2020-02-21,13:23:31,1.41519,73,-0.0918479,10.1,0.006
2020-02-21,13:24:57,1.49017,73,-0.165786,9.9,0.008
2020-02-21,13:26:57,0.521367,7,-0.277255,9.7,0.01
2020-02-21,13:28:23,0.643982,7,-0.34451,9.6,0.086
2020-02-21,13:31:50,1.20422,35,-2.65659,9.3,0.108
2020-02-21,13:33:52,0.773245,13,-0.14653,9.2,0
2020-02-21,13:35:18,0.531257,13,-0.271737,9.2,0.044
2020-02-21,13:37:14,0.247368,15,-0.00255294,9.1,0.112
2020-02-21,13:38:39,0.470871,15,-0.0144533,9.1,0.118
2020-02-21,13:40:37,0.696459,96,0.00156672,8.9,0
2020-02-21,13:42:02,1.10459,96,0.0374733,8.54,0.1112
2020-02-21,13:43:48,0.535334,34,-0.232533,8.2,0.005
2020-02-21,13:45:14,1.08823,34,-0.331327,7.7,0.125
2020-02-21,13:46:52,1.39578,75,-0.0096385,7.6,0.13
2020-02-21,13:48:17,1.28411,75,0.0429384,7.5,0.008
2020-02-21,13:50:52,1.80322,8,-0.279454,7.4,0
2020-02-21,13:52:17,1.87756,8,-0.239433,7.3,0.086
2020-02-21,13:54:29,1.4295,95,-1.04001,7.2,0.124
2020-02-21,13:55:55,1.71337,95,-1.20737,7.3,0.126
2020-02-21,13:58:26,2.43723,33,-1.64356,7.4,0.228
2020-02-21,13:59:51,1.23797,33,-0.467872,7.5,0.228
2020-03-26,08:17:31,1.35737,116,-1.09083,12.6,0.013
2020-03-26,08:22:31,1.7086,115,-1.61038,10.7,0.003
2020-03-26,08:23:56,1.88154,115,-1.03503,10.3091,0.00354545
2020-03-26,08:26:32,5.53366,113,-1.31981,9.3,0.003
2020-03-26,08:27:58,2.68269,113,-3.19496,9.03333,0.001
2020-03-26,08:30:08,4.00698,114,-1.28975,8.5,0.001
2020-03-26,08:31:34,1.52751,114,-2.78249,8.3,0.001
2020-03-26,08:33:59,12.7987,111,-12.3094,8.16,0
2020-03-26,08:35:24,3.14455,111,-8.33361,7.6,0
2020-03-26,08:37:43,3.71322,110,-1.9381,7.5,0
2020-03-26,08:39:09,3.17051,110,-1.4844,7.5,0
2020-03-26,08:41:18,2.50535,109,-1.82967,7.5,0
2020-03-26,08:42:44,2.22689,109,-1.64034,7.6,0
2020-03-26,08:44:47,2.47938,112,-1.861,7.6,0
2020-03-26,08:46:13,1.89766,112,-1.59893,7.4,0
2020-03-26,08:49:11,2.08296,6,-0.681994,7.5,0
2020-03-26,08:50:37,2.27457,6,-0.814099,7.6,0
2020-03-26,08:53:15,2.2009,5,-0.664552,7.7,0
2020-03-26,08:54:41,2.00013,5,-0.805429,8,0
2020-03-26,08:56:55,6.11099,36,-0.181597,8.1,0
2020-03-26,08:58:21,2.45493,36,0.0547147,8,0
2020-03-26,09:00:54,4.60963,76,-0.712182,8,0
2020-03-26,09:02:19,3.64339,76,-0.53455,7.8,0
2020-03-26,09:04:44,1.89884,16,-0.250272,7.8,0
2020-03-26,09:06:10,2.37552,16,-0.126427,8.4,0
2020-03-26,09:08:17,1.85492,74,-0.244771,8.6,0.158
2020-03-26,09:09:43,1.68453,74,-0.0678564,8.6,0.139
2020-03-26,09:11:45,2.1156,14,-0.131735,8.6,0
2020-03-26,09:13:10,2.42692,14,-0.537215,8.6,0
2020-03-26,09:15:15,2.48965,35,-0.00250814,8.9,0
2020-03-26,09:16:40,1.65149,35,0.00255089,9.1,0
2020-03-26,09:18:35,2.32251,13,-0.189913,9.5,0
2020-03-26,09:20:01,2.02861,13,-0.22869,9.80667,0
2020-03-26,09:22:20,1.38864,7,-0.253124,10.6,0
2020-03-26,09:23:45,1.36866,7,-0.17072,10.6,0
2020-03-26,09:25:47,3.67379,73,-0.106292,10.6,0
2020-03-26,09:27:13,2.92144,73,-0.68318,10.7,0
2020-03-26,09:29:27,1.35458,15,-0.0462102,10.7,0
2020-03-26,09:30:52,1.59231,15,-0.0038391,10.7,0
2020-03-26,09:33:13,1.47074,34,-0.151635,10.6,0
2020-03-26,09:34:38,1.36852,34,-0.174694,10.6,0
2020-03-26,09:36:37,4.91847,75,2.38423,10.6,0
2020-03-26,09:38:02,2.65874,75,0.0312521,10.6,0
2020-03-26,09:40:15,5.94647,8,-0.420456,10.8,0
2020-03-26,09:41:41,4.70392,8,-0.396838,10.7,0
2020-03-26,09:43:58,8.64038,33,-0.93772,10.6,0
2020-03-26,09:45:23,3.75318,33,-0.629786,10.4,0
2020-03-26,09:59:00,2.8033,27,1.17035,10.6,0
2020-03-26,10:00:26,1.48906,27,0.193528,10.7,0
2020-03-26,10:02:36,2.94515,22,-0.191255,10.8,0
2020-03-26,10:04:02,1.6632,22,-0.0959203,10.8,0
2020-03-26,10:06:10,2.51179,10,-0.27278,10.8,0
2020-03-26,10:07:36,1.53669,10,-0.323309,11,0
2020-03-26,10:09:31,1.86312,78,0.114816,11,0
2020-03-26,10:10:56,3.0342,78,-0.0307962,11,0
2020-03-26,10:14:28,0.92904,12,-0.202956,11,0
2020-03-26,10:16:17,1.30663,26,-0.177075,10.8,0
2020-03-26,10:17:42,1.58543,26,-0.134763,10.8,0
2020-03-26,10:20:56,2.88731,24,-0.622777,10.84,0
2020-03-26,10:22:50,1.75466,25,-0.191604,10.7,0
2020-03-26,10:24:16,1.95311,25,-0.315089,11.1,0
2020-03-26,10:26:16,2.52181,79,-0.684192,11.3,0
2020-03-26,10:27:42,2.26297,79,-0.682976,11.6,0
2020-03-26,10:29:27,1.75691,9,-0.177947,12.3,0
2020-03-26,10:30:53,1.6146,9,-0.265953,12.6591,0
2020-03-26,10:32:43,0.654873,77,-0.132279,13.3,0
2020-03-26,10:34:08,1.42339,77,-0.218847,13.3,0
2020-03-26,10:36:05,2.49517,11,-0.0943195,13.1,0
2020-03-26,10:37:31,2.23702,11,-0.627537,13.3,0
2020-03-26,10:39:28,3.36643,23,-0.811281,13.3,0
2020-03-26,10:40:53,1.84999,23,-0.203384,13.0409,0
2020-03-26,10:43:04,1.51197,80,-0.9451,12.4,0
2020-03-26,10:46:36,2.52288,28,-0.416947,12.4,0
2020-03-26,10:48:02,1.88252,28,-0.319193,12.4,0
2020-03-26,10:49:52,1.61249,21,-0.340294,12.4,0
2020-03-26,10:51:17,1.22046,21,-0.321459,12.3,0
2020-03-26,10:53:33,1.65268,119,-0.745644,12.3,0
2020-03-26,10:54:58,1.71065,119,-1.00638,12.3727,0
2020-03-26,10:56:54,1.51536,118,-0.478139,12.68,0
2020-03-26,10:58:19,1.78385,118,-0.592039,12.8,0
2020-03-26,11:00:21,3.0744,117,-0.927454,12.8,0
2020-03-26,11:01:47,2.17944,117,-0.808367,13.1,0
2020-03-26,11:03:33,1.01043,120,-0.5447,13.3,0
2020-03-26,11:04:58,1.65871,120,-0.787292,13.2667,0
2020-03-26,11:07:08,2.64964,123,-1.8156,13.4,0
2020-03-26,11:08:34,2.14743,123,-1.5307,13.5,0
2020-03-26,11:10:33,2.63053,122,-1.7427,13.7,0
2020-03-26,11:11:59,1.7266,122,-1.58846,13.74,0
2020-03-26,11:13:52,1.17256,124,-0.627819,13.4,0
2020-03-26,11:15:18,1.94233,124,-0.980148,13.4,0
2020-03-26,11:17:25,1.93742,121,-0.837471,13.3,0
2020-03-26,11:18:50,2.60084,121,-0.868429,13.5,0
2020-04-03,10:36:00,1.38784,56,-0.954689,18,0.244
2020-04-03,10:42:15,1.24399,106,-0.344909,16,0.369
2020-04-03,10:44:16,1.35966,44,-0.610242,15.4,0
2020-04-03,10:45:41,1.78723,44,-0.88636,14.9,0.281
2020-04-03,10:48:01,1.44761,57,-0.252294,14.6,0.267
2020-04-03,10:49:26,3.79361,57,-0.53331,14.4273,0.271
2020-04-03,10:51:39,1.18681,88,-0.324952,14.3,0.358
2020-04-03,10:53:04,0.947132,88,-0.285256,14.1,0.36
2020-04-03,10:55:25,1.74863,43,-0.804732,14.04,-0.042
2020-04-03,10:56:50,1.57534,43,-0.786129,14,0.212
2020-04-03,10:58:49,0.855288,105,-0.294294,13.8,0.302
2020-04-03,11:00:14,0.791334,105,-0.323171,13.8,0.302
2020-04-03,11:02:08,1.55833,55,-0.489399,13.7,0
2020-04-03,11:05:48,0.797859,86,-0.345974,14,0.35
2020-04-03,11:07:14,1.03905,86,-0.346319,13.8,0.353
2020-04-03,11:12:35,5.75103,54,-2.68433,14.3,0.109
2020-04-03,11:14:01,2.62787,54,-1.70924,14.4,0.123
2020-04-03,11:15:47,0.738462,108,-0.179912,14.7,0.288
2020-04-03,11:19:14,3.05731,53,-0.728664,14.9,0
2020-04-03,11:20:39,2.32628,53,-0.54073,15,0.291
2020-04-03,11:22:52,1.71197,42,-0.538759,15.4,0.287
2020-04-03,11:24:17,2.22202,42,-0.73036,15.4,0.288
2020-04-03,11:26:44,1.88445,41,-0.588969,15.5,0.306
2020-04-03,11:28:09,1.71021,41,-0.623643,15.5,0.308
2020-04-03,11:31:25,1.21785,87,-0.465834,15.4,0.3536
2020-04-03,11:33:44,1.67627,59,-0.479268,15.4,0.313
2020-04-03,11:35:09,1.17497,59,-0.306059,15.2,0.314
2020-04-03,11:37:04,0.940556,107,-0.13099,15,0.34
2020-04-03,11:40:32,1.11339,60,-0.448442,15.4409,0.331818
2020-04-03,11:44:09,1.25048,85,-0.527159,16,0.036
2020-04-03,11:45:35,1.70902,85,-0.662541,16,0.34
2020-04-03,11:50:41,1.41679,68,-0.492983,15.8,0.302
2020-04-03,11:52:06,1.7882,68,-0.539725,15.8,0.305
2020-04-03,11:54:10,1.49349,84,-0.596925,15.8,0.063
2020-04-03,11:57:32,1.38215,103,-0.468091,15.7,0.3885
2020-04-03,11:58:58,1.52936,103,-0.529271,15.7,0.387
2020-04-03,12:01:11,2.302,40,-0.82857,15.7,0.07
2020-04-03,12:02:36,2.4023,40,-0.807505,15.8,0.358
2020-04-03,12:04:41,0.982044,45,-0.214957,16.2,0.44
2020-04-03,12:06:06,1.17411,45,-0.292544,16.2,0.441
2020-04-03,12:08:21,1.73809,67,-0.559154,16,0.293
2020-04-03,12:09:46,2.03057,67,-0.722447,15.8,0.273
2020-04-03,12:11:41,0.766716,65,-0.0898487,15.7,0.416
2020-04-03,12:13:06,1.19243,65,-0.243133,15.7,0.418
2020-04-03,12:17:28,1.40743,46,-0.506905,15.72,0.422
2020-04-03,12:18:54,1.28942,46,-0.509342,16,0.411
2020-04-03,12:20:44,1.29716,81,-0.41218,15.7,0.305
2020-04-03,12:22:09,2.10927,81,-0.608106,15.7,0.308
2020-04-03,12:24:12,0.980727,47,-0.274087,15.7,0.311
2020-04-03,12:25:37,0.843472,47,-0.108423,15.8,0.367
2020-04-03,12:27:34,1.54389,38,-0.625226,15.7,0.372
2020-04-03,12:31:00,0.718278,83,-0.109899,16,0.391
2020-04-03,12:32:24,0.827612,83,-0.130622,16.1591,0.396591
2020-04-03,12:34:24,0.900584,48,-0.14079,16.7,0.4
2020-04-03,12:35:49,1.44001,48,-0.207205,16.8,0.338
2020-04-03,12:37:53,0.868326,66,-0.2056,16.7,0.009
2020-04-03,12:39:19,3.81099,66,-1.05047,16.7,0.012
2020-04-03,12:41:24,1.77648,82,-0.744992,17,0.012
2020-04-03,12:42:50,2.5195,82,-0.901819,17,0.346
2020-04-03,12:44:48,1.8052,37,-0.765829,17,0.27
2020-04-03,12:46:13,1.86153,37,-0.787712,17,0.274
2020-04-03,12:48:26,1.92588,39,-0.396513,16.9333,-0.00199999
2020-04-03,12:49:51,2.78499,39,-0.541735,17.2,0.407
2020-04-03,12:59:28,0.733245,51,-0.0652095,17,-0.0972273
2020-04-03,13:00:54,0.636401,51,-0.194864,16.8,0.498
2020-04-03,13:03:00,1.43307,61,-0.496953,16.7,0.323
2020-04-03,13:04:26,2.03824,61,-0.67146,16.7,0.332636
2020-04-03,13:07:32,2.32772,31,-0.552947,16.7,0.280818
2020-04-03,13:08:57,2.74803,31,-0.650132,16.7,0.194
2020-04-03,13:10:54,1.88881,3,-0.32871,17,0.288
2020-04-03,13:12:19,3.99807,3,-0.819552,17,0.293
2020-04-03,13:14:21,1.67064,70,-0.00144129,17.2,0.297
2020-04-03,13:15:46,2.91657,70,-0.0289056,17.3,0.459
2020-04-03,13:17:48,1.95452,49,0.101131,17.5,0.558
2020-04-03,13:19:14,1.92691,49,0.0997579,17.9,0.564
2020-04-03,13:21:14,1.24774,18,-0.016377,18,0.112
2020-04-03,13:22:40,3.3316,18,-0.119062,17.9,0.484
2020-04-03,13:24:41,0.802469,32,0.0390222,17.7,0.556
2020-04-03,13:26:06,0.64817,32,-0.0125768,17.7,0.556
2020-04-03,13:28:27,0.970879,62,-0.099865,17.5545,0.560545
2020-04-03,13:29:53,1.34409,62,-0.0852863,17.3,0.544
2020-04-03,13:32:14,2.53852,69,-0.0240922,17.2,0.542
2020-04-03,13:33:40,2.14122,69,-0.161539,17.2,0.542
2020-04-03,13:35:43,4.61901,1,2.57245,17.2,0.633
2020-04-03,13:37:09,3.82173,1,2.14253,16.8,0.633
2020-04-03,13:39:11,2.39864,71,0.142299,16.5,0.123
2020-04-03,13:40:36,2.69901,71,0.0389722,16.7,0.523
2020-04-03,13:42:46,1.19122,63,-0.0177821,17,0.435
2020-04-03,13:44:11,0.874953,63,-0.0290795,17,0.439
2020-04-03,13:46:02,1.50391,17,0.0922672,17.2,0.117
2020-04-03,13:47:28,1.0936,17,-0.0149522,17.16,0.4188
2020-04-03,13:49:39,1.76947,30,-0.140796,17.3,0.444
2020-04-03,13:51:04,1.84541,30,-0.282447,17.5,0.45
2020-04-03,13:53:00,1.14658,2,-0.140986,17.9,0.53
2020-04-03,13:54:25,0.969316,2,-0.0713941,17.9,0.531
2020-04-03,13:56:35,1.28179,64,-0.0168141,17.9,0.331
2020-04-03,13:58:00,1.56629,64,-0.0975361,18,0.333
2020-04-03,13:59:56,0.648792,72,0.0123457,18,0.557
2020-04-03,14:01:22,0.912694,72,-0.0356995,18.2,0.557
2020-04-03,14:03:16,1.00157,19,-0.0346433,18.2,0.55
2020-04-03,14:04:42,1.02454,19,-0.115499,18.4,0.512
2020-04-03,14:06:41,1.57308,4,-0.0355558,18.2,0.481
2020-04-03,14:08:07,1.29143,4,-0.0755711,18.2,0.484
2020-04-03,14:10:01,1.69554,50,-0.128515,18,0.529
2020-04-03,14:11:25,1.02354,50,-0.126135,17.1591,0.532
2020-04-03,14:13:27,0.96744,29,-0.287873,15.64,0.5464
2020-04-03,14:14:52,0.894601,29,-0.042705,16.7,0.503
2020-04-03,14:16:55,1.67414,52,-0.0950998,17.3,0.577
2020-04-03,14:18:20,1.4383,52,-0.11956,17.3,0.577
2020-05-06,10:37:41,7.74493,60,-0.684964,14.4136,0.403
2020-05-06,10:39:07,4.16178,60,-0.41798,14.1,0.402
2020-05-06,10:42:02,3.6847,85,-0.256207,13.7,0.457
2020-05-06,10:43:27,2.85878,85,-0.210376,13.5,0.457
2020-05-06,10:45:55,4.27059,58,-0.205868,13.1,0.431
2020-05-06,10:47:20,3.00239,58,-2.65299,13.1,0.433
2020-05-06,10:52:55,3.33731,43,-0.0879599,12.7,0.015
2020-05-06,10:54:21,2.27363,43,-0.183565,12.6,0.512
2020-05-06,10:59:54,0.804452,55,-0.0166301,12,0.194
2020-05-06,11:01:20,0.803851,55,-0.00909696,12,0.141
2020-05-06,11:03:26,7.04003,86,-0.0295288,11.9,0.016
2020-05-06,11:04:51,3.76525,86,-0.0295741,11.9,0.154
2020-05-06,11:07:06,2.12144,42,-0.0374614,11.9,0.104
2020-05-06,11:08:32,1.27924,42,0.00437925,11.9,0.102
2020-05-06,11:10:35,6.28427,41,5.73201e-4,11.9,0.096
2020-05-06,11:12:00,3.05918,41,0.030629,11.9,0.086
2020-05-06,11:14:17,4.48949,59,-0.248013,11.7,0.081
2020-05-06,11:15:43,2.6024,59,-0.208739,11.7,0.0748182
2020-05-06,11:18:08,2.19627,87,-0.0356603,11.9,0.069
2020-05-06,11:19:33,1.84637,87,5.47454e-4,11.7,0.071
2020-05-06,11:23:22,1.70471,53,0.00853513,11.6,0.07
2020-05-06,11:25:31,2.10118,54,-0.18589,11.7,0.024
2020-05-06,11:26:56,1.67474,54,-0.165721,11.6,0.071
2020-05-06,11:31:24,16.3548,56,-2.79203,11.6,0
2020-05-06,11:32:49,8.30441,56,-1.432,11.5,0.057
2020-05-06,11:36:51,5.5295,44,-0.377272,11.5,0.052
2020-05-06,11:38:16,2.38476,44,-0.129863,11.5,0.049
2020-05-06,11:40:55,6.02604,88,-0.205459,11.5,0.054
2020-05-06,11:42:21,2.85183,88,-0.00107113,11.5,0.049
2020-05-06,11:44:15,4.28372,57,-0.164604,11.5,0.051
2020-05-06,11:45:41,3.04593,57,-0.0756313,11.5,0.0511364
2020-05-06,11:49:26,5.46946,66,-0.370063,11.5,0.039
2020-05-06,11:52:44,7.54424,82,-0.854874,11.5,0.0444091
2020-05-06,11:54:10,5.2535,82,-0.649082,11.5,0.047
2020-05-06,11:56:15,14.1865,37,-1.97861,11.6,0.03
2020-05-06,11:57:42,8.20031,37,-1.3969,11.6,0.036
2020-05-06,12:03:41,3.81995,48,-0.158277,11.5273,0.0177727
2020-05-06,12:05:07,2.63432,48,-0.211636,11.3,0.064
2020-05-06,12:08:29,14.2996,83,-0.365353,11.5,0
2020-05-06,12:09:55,4.45844,83,-0.20716,11.5,0.034
2020-05-06,12:12:26,11.748,38,-0.880563,11.6,0.104
2020-05-06,12:13:52,5.64994,38,-0.549101,11.7,0.06
2020-05-06,12:16:03,6.10313,47,-0.334619,11.9,0.036
2020-05-06,12:17:28,4.83824,47,-1.29273,11.9,0.036
2020-05-06,12:19:55,10.2668,81,-0.56099,12,0.043
2020-05-06,12:21:20,5.41491,81,-0.417493,12,0.052
2020-05-06,12:23:22,5.89683,39,-0.468492,12,0
2020-05-06,12:24:48,5.92904,39,-0.483058,12,0.025
2020-05-06,12:26:54,7.9633,46,-1.12848,12,0.047
2020-05-06,12:28:20,4.70341,46,-0.424607,12,0.043
2020-05-06,12:30:41,2.83511,65,-0.122588,12,0.00195455
2020-05-06,12:32:07,2.58739,65,-3.48266,12,0.081
2020-05-06,12:34:26,5.1505,67,-0.449763,12,0.014
2020-05-06,12:35:53,4.00589,67,-0.422454,11.9,0.04
2020-05-06,12:38:11,11.2275,45,-1.27401,12,0.031
2020-05-06,12:41:33,6.47527,40,-1.2859,11.9,0
2020-05-06,12:45:08,6.7079,84,-0.9544,11.9,0.212
2020-05-06,12:46:34,7.77018,84,-1.01803,11.9,0.077
2020-05-06,12:48:47,3.65426,68,-0.442386,12,0.033
2020-05-06,12:50:12,3.1633,68,-0.394396,12,0.03
2020-05-07,07:27:03,0.985052,50,0.05051,11.3,0.128
2020-05-07,07:28:28,0.894555,50,0.0755721,11.3,0.118
2020-05-07,07:30:54,2.29248,4,0.155023,11.1,0
2020-05-07,07:32:20,1.61814,4,0.0768928,11,0
2020-05-07,07:34:59,0.313945,29,0.302734,10.4,0
2020-05-07,07:36:25,0.181586,29,0.377995,10.3,0.066
2020-05-07,07:38:25,0.699313,52,0.00333375,10.2,0.059
2020-05-07,07:39:51,0.656701,52,0.00633075,9.9,0.059
2020-05-07,07:42:01,1.97886,2,0.0126958,9.9,0.053
2020-05-07,07:43:27,1.59128,2,0.0272991,9.9,0.049
2020-05-07,07:45:20,1.62991,64,0.00907663,9.9,0.042
2020-05-07,07:46:46,1.31536,64,-0.00221815,10.2,0.039
2020-05-07,07:51:52,2.65023,72,0.140131,10.2,0.033
2020-05-07,07:53:18,2.55804,72,0.123516,10.2,0.032
2020-05-07,07:55:11,1.59234,19,0.110375,10.3,0.035
2020-05-07,07:56:36,1.13351,19,0.570195,10.3,0.0286364
2020-05-07,07:58:50,2.77079,30,0.240382,10.4,0.569
2020-05-07,08:00:15,2.18344,30,0.0175511,10.3,0.564
2020-05-07,08:02:13,1.81441,17,0.044592,10.3,0.013
2020-05-07,08:03:38,1.02629,17,0.105699,10.3,0.00933333
2020-05-07,08:05:43,1.1482,63,0.186552,10.3,0.015
2020-05-07,08:07:08,0.763995,63,0.0787472,10.3,0.015
2020-05-07,08:09:24,4.05683,71,2.24605,10.4,0
2020-05-07,08:10:50,2.04677,71,1.42765,10.3,0.015
2020-05-07,08:13:07,3.43845,1,0.55784,10.2,0.011
2020-05-07,08:14:33,2.52749,1,0.543059,10.3,0.009
2020-05-07,08:16:26,4.07414,69,0.542238,10.6,0.008
2020-05-07,08:17:51,2.66952,69,0.275852,10.6,0.009
2020-05-07,08:19:40,0.936794,62,0.412116,10.6182,0.0106364
2020-05-07,08:21:06,0.916967,62,0.379244,10.8,0.009
2020-05-07,08:22:55,2.70004,32,0.114336,10.8,0.009
2020-05-07,08:24:21,1.94472,32,0.107257,10.8,0.007
2020-05-07,08:26:46,4.18637,20,-0.176745,10.8,0.008
2020-05-07,08:28:12,3.70673,20,-0.0726147,10.8,0.008
2020-05-07,08:30:16,5.00829,18,0.22439,10.8,0
2020-05-07,08:31:41,2.92846,18,0.151685,10.8,0.007
2020-05-07,08:33:46,4.29199,3,-0.216976,10.7,0.001
2020-05-07,08:35:12,3.61562,3,-0.106209,10.8,0
2020-05-07,08:37:08,8.8981,70,2.40068,10.8,0.008
2020-05-07,08:38:34,9.36718,70,0.534588,11,0.007
2020-05-07,08:40:49,0.979913,49,3.47375,11.1,0.01
2020-05-07,08:42:15,0.567749,49,2.83416,11.2,0.009
2020-05-07,08:46:01,3.29823,31,-0.280249,11.2,0
2020-05-07,08:47:56,2.48072,61,-0.31486,11.2,0.005
2020-05-07,08:49:22,2.68883,61,-0.325539,11.2,0.005
2020-05-07,08:51:23,1.42864,51,0.102666,11.2,0.001
2020-05-07,08:52:49,0.698512,51,0.080162,11.3,0.012
2020-05-20,09:21:44,6.81048,33,-1.14914,14.4,0.183
2020-05-20,09:23:09,4.04513,33,-0.8421,14.4,0.183
2020-05-20,09:26:52,2.93418,8,-0.359955,14.3,0.0345455
2020-05-20,09:28:18,4.16686,8,-0.497793,14.3,0.19
2020-05-20,09:30:30,3.43435,75,0.00679771,14.3,0.265
2020-05-20,09:31:56,2.63211,75,0.0110408,14,0.392
2020-05-20,09:35:18,3.37803,34,-0.505487,13.8,0.232
2020-05-20,09:37:08,0.608768,15,-0.0102376,13.8,0.449
2020-05-20,09:38:34,0.971118,15,0.0058778,13.8,0.449
2020-05-20,09:40:35,1.49653,7,-0.328914,13.7,0.005
2020-05-20,09:42:00,1.70798,7,-0.437624,13.7,0.438
2020-05-20,09:43:50,7.82556,73,-0.362398,13.7,0.446455
2020-05-20,09:45:16,5.6587,73,-0.325405,13.7,0.378
2020-05-20,09:47:06,1.0786,35,-0.0747184,13.8,0.424
2020-05-20,09:50:26,1.22881,14,-0.178829,13.7,0.006
2020-05-20,09:51:53,1.4305,14,-0.229758,13.6467,0.169
2020-05-20,09:53:42,1.33849,74,-0.22633,13.5,0.169
2020-05-20,09:55:07,1.89988,74,-0.0787587,13.5,0.401
2020-05-20,09:57:00,6.84518,16,24.4136,13.4,0.314
2020-05-20,09:58:25,6.40116,16,22.2901,13.4,0.327
2020-05-20,10:00:20,4.86633,36,-0.418184,13.3,0.345
2020-05-20,10:01:46,3.50915,36,-0.350977,13.3455,0.350227
2020-05-20,10:03:23,3.60177,76,-0.626866,13.1,0.005
2020-05-20,10:04:49,2.77113,76,-0.60693,13.3,0.319545
2020-05-20,10:06:35,6.8871,5,-1.30464,13.3,0.004
2020-05-20,10:08:01,6.5843,5,-1.25816,13.3,0.288
2020-05-20,10:10:02,1.61243,6,-0.474365,13.3,0.224
2020-05-20,10:11:28,1.48267,6,-0.504787,13.3,0.226
2020-05-20,10:24:09,19.0504,27,66.5265,13.5,0
2020-05-20,10:25:35,2.7431,27,27.2205,13.4,0.65
2020-05-20,10:27:50,1.17686,22,0.0535518,13.3,0.0117273
2020-05-20,10:29:16,1.13754,22,-0.00745888,13.3,0.49
2020-05-20,10:31:27,1.11272,10,-0.0937945,13.1,0.505
2020-05-20,10:32:52,1.05169,10,-0.0750443,13.1,0.506
2020-05-20,10:36:20,3.41402,24,-0.154331,13.3,0.448
2020-05-20,10:39:40,2.62075,26,-0.1987,13.1,0.485
2020-05-20,10:41:43,2.9889,12,28.6713,13.3,0.089
2020-05-20,10:43:08,1.05095,12,1.26148,13.4,0.345
2020-05-20,10:45:00,2.6703,78,0.112782,13.4,0.489
2020-05-20,10:46:26,4.11608,78,0.0496797,13.5,0.487
2020-05-20,10:51:09,3.56834,9,-0.725921,13.7,0.062
2020-05-20,10:52:35,3.21892,9,-0.651009,13.8,0.093
2020-05-20,10:54:17,2.70572,79,-0.613744,13.8,0.3
2020-05-20,10:57:35,1.70176,25,-0.167156,13.7,0.069
2020-05-20,10:59:02,1.81169,25,-0.185244,13.7,0.392
2020-05-20,11:00:48,2.0718,77,-0.344001,13.7,0.4308
2020-05-20,11:02:14,1.79937,77,-0.28847,13.7,0.304
2020-05-20,11:04:05,3.34047,80,-1.12263,13.7,0.314
2020-05-20,11:07:18,1.48193,28,-0.21147,13.7,0.384
2020-05-20,11:08:45,1.29857,28,-0.173102,13.7,0.385
2020-05-20,11:12:01,2.24931,21,-0.526166,13.7,0.483
2020-05-20,11:13:55,2.94432,11,0.0441415,13.7,0.415
2020-05-20,11:15:20,3.50634,11,0.175085,13.7,0.414
2020-05-20,11:17:33,4.71624,119,-2.11752,13.7,0.055
2020-05-20,11:18:59,3.23241,119,-1.96178,13.7,0.26
2020-05-20,11:20:44,2.86265,117,-2.26879,13.5,0.26
2020-05-20,11:22:09,3.12711,117,-2.28131,13.5,0.282
2020-05-20,11:23:59,2.85121,120,-2.20827,13.7,0.324
2020-05-20,11:25:25,2.67747,120,-1.99156,13.7,0.324
2020-05-20,11:27:57,2.9618,118,-1.69164,13.7,0.303
2020-05-20,11:29:23,2.90883,118,-1.64335,13.7,0.305
2020-05-20,11:32:04,4.40583,121,-1.75515,13.7,0.256
2020-05-20,11:35:29,2.75796,124,-2.14774,13.8,0.086
2020-05-20,11:36:56,2.66217,124,-2.45509,13.8,0.315
2020-05-20,11:38:46,3.72664,122,-3.19667,13.8,0.330227
2020-05-20,11:40:12,2.77173,122,-2.79737,13.8,0.248
2020-05-20,11:42:00,5.63718,123,-3.95384,13.8,0.294
2020-05-20,11:43:26,4.35465,123,-2.4673,14,0.294
