Sampling_Event,Site,meanSal,meanEC,meanT,Source
7/9/2018,CanoeShed,3.070172906,5.10929,20.1168,HOBO
7/10/2018,CanoeShed,3.189928817,5.286440625,19.891875,HOBO
7/11/2018,CanoeShed,3.197873249,5.301767708,19.9175,HOBO
7/12/2018,CanoeShed,3.210374034,5.341792708,20.09395833,HOBO
7/13/2018,CanoeShed,3.460542748,5.747469792,20.22625,HOBO
7/14/2018,CanoeShed,3.548457222,5.891946875,20.28708333,HOBO
7/15/2018,CanoeShed,3.590024599,5.954355208,20.27020833,HOBO
7/16/2018,CanoeShed,3.605026714,5.995152083,20.40479167,HOBO
7/17/2018,CanoeShed,3.739339286,6.237709375,20.65416667,HOBO
7/18/2018,CanoeShed,3.777096827,6.332372917,20.91729167,HOBO
7/19/2018,CanoeShed,3.757072199,6.28958125,20.83333333,HOBO
7/20/2018,CanoeShed,3.716679859,6.200326042,20.63979167,HOBO
7/21/2018,CanoeShed,3.576273869,5.967320833,20.53583333,HOBO
7/22/2018,CanoeShed,3.700904226,6.136344792,20.34625,HOBO
7/23/2018,CanoeShed,3.781777303,6.243386458,20.21083333,HOBO
7/24/2018,CanoeShed,3.793037767,6.272839583,20.29916667,HOBO
7/25/2018,CanoeShed,3.800521222,6.2982,20.4,HOBO
7/26/2018,CanoeShed,3.79250326,6.298152083,20.490625,HOBO
7/27/2018,CanoeShed,3.85786275,6.418705208,20.62791667,HOBO
7/28/2018,CanoeShed,3.900281887,6.498814583,20.72875,HOBO
7/29/2018,CanoeShed,3.927382552,6.543896875,20.74916667,HOBO
7/30/2018,CanoeShed,3.845607466,6.400825,20.63666667,HOBO
7/31/2018,CanoeShed,3.8779834,6.431180208,20.49333333,HOBO
8/1/2018,CanoeShed,3.918135093,6.498529167,20.529375,HOBO
8/2/2018,CanoeShed,3.944944154,6.572779167,20.75979167,HOBO
8/3/2018,CanoeShed,3.966481394,6.626861458,20.90375,HOBO
8/4/2018,CanoeShed,4.054513136,6.780110417,21.01270833,HOBO
8/5/2018,CanoeShed,4.653792987,7.725972917,21.114375,HOBO
8/6/2018,CanoeShed,6.593263537,10.70867708,21.229375,HOBO
3/9/2019,CanoeShed,0.754604739,0.9882025,7.1975,HOBO
3/10/2019,CanoeShed,0.876956731,1.148814583,7.443333333,HOBO
3/11/2019,CanoeShed,0.993059452,1.30433125,7.754166667,HOBO
3/12/2019,CanoeShed,1.044621927,1.373416667,7.878333333,HOBO
3/13/2019,CanoeShed,1.088041848,1.431866667,7.984791667,HOBO
3/14/2019,CanoeShed,1.126659005,1.483472917,8.066041667,HOBO
3/15/2019,CanoeShed,1.16390848,1.536463542,8.219375,HOBO
3/16/2019,CanoeShed,1.199892155,1.595916667,8.555,HOBO
3/17/2019,CanoeShed,1.233198598,1.651920833,8.873333333,HOBO
3/18/2019,CanoeShed,1.265428037,1.695607292,8.932916667,HOBO
3/19/2019,CanoeShed,1.296569551,1.734051042,8.906875,HOBO
3/20/2019,CanoeShed,1.321985889,1.763186458,8.839375,HOBO
3/21/2019,CanoeShed,1.340184166,1.784323958,8.79875,HOBO
3/22/2019,CanoeShed,1.358328629,1.809877083,8.853125,HOBO
3/23/2019,CanoeShed,1.375647455,1.83313125,8.880833333,HOBO
3/24/2019,CanoeShed,1.389987485,1.850816667,8.871458333,HOBO
3/25/2019,CanoeShed,1.403021435,1.86995625,8.925208333,HOBO
3/26/2019,CanoeShed,1.416360604,1.892244792,9.033541667,HOBO
3/27/2019,CanoeShed,1.428365746,1.910215625,9.088125,HOBO
3/28/2019,CanoeShed,1.43728549,1.92123125,9.082083333,HOBO
3/29/2019,CanoeShed,1.445724228,1.933575,9.114166667,HOBO
3/30/2019,CanoeShed,1.455524688,1.95155625,9.222083333,HOBO
3/31/2019,CanoeShed,1.465563741,1.9741625,9.412083333,HOBO
4/1/2019,CanoeShed,1.474377609,1.995355208,9.602708333,HOBO
4/2/2019,CanoeShed,1.481066385,2.0021625,9.56875,HOBO
4/3/2019,CanoeShed,1.485091107,2.002908333,9.484583333,HOBO
4/4/2019,CanoeShed,1.487546355,2.006226042,9.487916667,HOBO
4/5/2019,CanoeShed,1.492750975,2.018094792,9.586666667,HOBO
4/6/2019,CanoeShed,1.497264267,2.027752083,9.659791667,HOBO
4/7/2019,CanoeShed,1.50091451,2.038361458,9.77125,HOBO
4/8/2019,CanoeShed,1.503971448,2.053742708,9.986041667,HOBO
4/9/2019,CanoeShed,1.507040239,2.078213542,10.36895833,HOBO
4/10/2019,CanoeShed,1.510374128,2.106942708,10.821875,HOBO
4/11/2019,CanoeShed,1.512059939,2.124770833,11.110625,HOBO
4/12/2019,CanoeShed,1.512714962,2.129736458,11.18625,HOBO
4/13/2019,CanoeShed,1.512620198,2.133266667,11.25375,HOBO
4/14/2019,CanoeShed,1.51247677,2.146667708,11.504375,HOBO
4/15/2019,CanoeShed,1.511965641,2.161351042,11.78729167,HOBO
4/16/2019,CanoeShed,1.511088359,2.169307292,11.95541667,HOBO
4/17/2019,CanoeShed,1.374921257,1.982206,11.944,HOBO
4/18/2019,CanoeShed,1.351969894,1.951782292,11.95208333,HOBO
4/19/2019,CanoeShed,1.444523618,2.086485417,12.10625,HOBO
4/20/2019,CanoeShed,1.48736752,2.161846875,12.41770833,HOBO
4/21/2019,CanoeShed,1.48741194,2.17788125,12.71416667,HOBO
4/22/2019,CanoeShed,1.486286503,2.18305,12.83895833,HOBO
4/23/2019,CanoeShed,1.484126573,2.183848958,12.90958333,HOBO
4/24/2019,CanoeShed,1.482007513,2.186560417,13.01479167,HOBO
4/25/2019,CanoeShed,1.480117131,2.192310417,13.170625,HOBO
4/26/2019,CanoeShed,1.477741869,2.1945375,13.27395833,HOBO
4/27/2019,CanoeShed,1.474871773,2.194910417,13.35604167,HOBO
4/28/2019,CanoeShed,1.472192457,2.189653125,13.32854167,HOBO
4/29/2019,CanoeShed,1.468964877,2.181775,13.26645833,HOBO
4/30/2019,CanoeShed,1.464883641,2.167996875,13.11604167,HOBO
5/1/2019,CanoeShed,1.461309355,2.161302083,13.08458333,HOBO
5/2/2019,CanoeShed,1.457631018,2.16104375,13.176875,HOBO
5/3/2019,CanoeShed,1.453184353,2.16348125,13.34083333,HOBO
5/4/2019,CanoeShed,1.448733678,2.169769792,13.57833333,HOBO
5/5/2019,CanoeShed,1.444312518,2.175476042,13.805,HOBO
5/6/2019,CanoeShed,1.438558133,2.171751042,13.89020833,HOBO
5/7/2019,CanoeShed,1.432393725,2.163359375,13.89854167,HOBO
5/8/2019,CanoeShed,1.427260803,2.16340625,14.03979167,HOBO
5/9/2019,CanoeShed,1.421840952,2.164326042,14.20645833,HOBO
5/10/2019,CanoeShed,1.416374218,2.161069792,14.29541667,HOBO
5/11/2019,CanoeShed,1.410815825,2.162035417,14.46875,HOBO
5/12/2019,CanoeShed,1.404638985,2.159029167,14.58395833,HOBO
5/13/2019,CanoeShed,1.397382955,2.141317708,14.445625,HOBO
5/14/2019,CanoeShed,1.389350326,2.1152625,14.165,HOBO
5/15/2019,CanoeShed,1.383578527,2.094065625,13.9125,HOBO
5/16/2019,CanoeShed,1.375897376,2.075241667,13.75854167,HOBO
5/17/2019,CanoeShed,1.369293323,2.065113542,13.74520833,HOBO
5/18/2019,CanoeShed,1.363009996,2.062098958,13.86458333,HOBO
5/19/2019,CanoeShed,1.357979447,2.067783333,14.12270833,HOBO
5/20/2019,CanoeShed,1.352867959,2.079242708,14.5,HOBO
5/21/2019,CanoeShed,1.348258471,2.094722917,14.94458333,HOBO
5/22/2019,CanoeShed,1.343180187,2.09558125,15.111875,HOBO
5/23/2019,CanoeShed,1.336660735,2.082129167,15.03541667,HOBO
5/24/2019,CanoeShed,1.331113114,2.074272917,15.0425,HOBO
5/25/2019,CanoeShed,1.326317105,2.074801042,15.19708333,HOBO
5/26/2019,CanoeShed,1.321536211,2.076641667,15.37875,HOBO
5/27/2019,CanoeShed,1.31650348,2.08171875,15.635,HOBO
5/28/2019,CanoeShed,1.311441163,2.085803125,15.87333333,HOBO
5/29/2019,CanoeShed,1.305766183,2.087380208,16.08083333,HOBO
5/30/2019,CanoeShed,1.300614547,2.093063542,16.3575,HOBO
5/31/2019,CanoeShed,1.294844978,2.096592708,16.61104167,HOBO
6/1/2019,CanoeShed,1.289265849,2.095726042,16.76979167,HOBO
6/2/2019,CanoeShed,1.283841721,2.092921875,16.88479167,HOBO
6/3/2019,CanoeShed,1.279167586,2.090183333,16.97791667,HOBO
6/4/2019,CanoeShed,1.273656748,2.078310417,16.90875,HOBO
6/5/2019,CanoeShed,1.267256712,2.057335417,16.6775,HOBO
6/6/2019,CanoeShed,1.262714353,2.049225,16.654375,HOBO
6/7/2019,CanoeShed,1.258889079,2.053244792,16.863125,HOBO
6/8/2019,CanoeShed,1.254199177,2.056359375,17.08208333,HOBO
6/9/2019,CanoeShed,1.250152087,2.055795833,17.20333333,HOBO
6/10/2019,CanoeShed,1.245117514,2.050447917,17.25666667,HOBO
6/11/2019,CanoeShed,1.240436074,2.044926042,17.295,HOBO
6/12/2019,CanoeShed,1.235973252,2.039628125,17.33104167,HOBO
6/13/2019,CanoeShed,1.230665729,2.027496875,17.249375,HOBO
6/14/2019,CanoeShed,1.223776499,2.013832292,17.18729167,HOBO
6/15/2019,CanoeShed,1.217435814,1.997778125,17.05416667,HOBO
6/16/2019,CanoeShed,1.211690805,1.983413542,16.93645833,HOBO
6/17/2019,CanoeShed,1.208838906,1.984022917,17.04666667,HOBO
6/18/2019,CanoeShed,1.205050801,1.9905625,17.31895833,HOBO
6/19/2019,CanoeShed,1.200814835,1.996370833,17.591875,HOBO
6/20/2019,CanoeShed,1.196356423,2.000283333,17.83229167,HOBO
6/21/2019,CanoeShed,1.191539781,2.004414583,18.09145833,HOBO
6/22/2019,CanoeShed,1.186665714,2.001547917,18.2,HOBO
6/23/2019,CanoeShed,1.181573167,1.990223958,18.13,HOBO
6/24/2019,CanoeShed,1.176353461,1.977145833,18.025,HOBO
6/25/2019,CanoeShed,1.172274168,1.97175625,18.05020833,HOBO
6/26/2019,CanoeShed,1.168814371,1.975342708,18.25416667,HOBO
6/27/2019,CanoeShed,1.164865068,1.977263542,18.439375,HOBO
6/28/2019,CanoeShed,1.161276592,1.979464583,18.61875,HOBO
6/29/2019,CanoeShed,1.157197132,1.981133333,18.805,HOBO
6/30/2019,CanoeShed,1.153320871,1.982117708,18.969375,HOBO
7/1/2019,CanoeShed,1.149520657,1.980354167,19.06979167,HOBO
7/2/2019,CanoeShed,1.145775372,1.975361458,19.095625,HOBO
7/3/2019,CanoeShed,1.142765724,1.9727125,19.1475,HOBO
7/4/2019,CanoeShed,1.139641465,1.974078125,19.29520833,HOBO
7/5/2019,CanoeShed,1.136539851,1.978728125,19.5175,HOBO
7/6/2019,CanoeShed,1.133298931,1.984215625,19.765,HOBO
7/7/2019,CanoeShed,1.130026774,1.989992708,20.02125,HOBO
7/8/2019,CanoeShed,1.126879605,1.991832292,20.18375,HOBO
7/9/2019,CanoeShed,1.122877675,1.987589583,20.240625,HOBO
7/10/2019,CanoeShed,1.118623313,1.976996875,20.16166667,HOBO
7/11/2019,CanoeShed,1.114992855,1.969396875,20.12708333,HOBO
7/12/2019,CanoeShed,1.111270482,1.96619375,20.19770833,HOBO
7/13/2019,CanoeShed,1.10762162,1.963688542,20.28208333,HOBO
7/14/2019,CanoeShed,1.104399081,1.961129167,20.34895833,HOBO
7/15/2019,CanoeShed,1.101517162,1.959719792,20.42958333,HOBO
7/16/2019,CanoeShed,1.097965813,1.955965625,20.48229167,HOBO
7/17/2019,CanoeShed,1.094043177,1.953484375,20.58,HOBO
7/18/2019,CanoeShed,1.089314576,1.953804167,20.77645833,HOBO
7/19/2019,CanoeShed,1.082051233,1.948725,20.949375,HOBO
7/20/2019,CanoeShed,1.086603414,1.966838542,21.19166667,HOBO
7/21/2019,CanoeShed,1.087606848,1.981489583,21.49520833,HOBO
7/22/2019,CanoeShed,1.086032279,1.989945833,21.7575,HOBO
7/23/2019,CanoeShed,1.090961633,2.006446875,21.94208333,HOBO
7/24/2019,CanoeShed,1.100819029,2.019445833,21.84791667,HOBO
7/25/2019,CanoeShed,1.306450775,2.367389583,21.67375,HOBO
7/26/2019,CanoeShed,1.325175851,2.395211458,21.58729167,HOBO
7/27/2019,CanoeShed,1.310646864,2.36455625,21.47458333,HOBO
7/28/2019,CanoeShed,1.337217798,2.408820833,21.451875,HOBO
7/29/2019,CanoeShed,1.473539059,2.646758333,21.55395833,HOBO
7/30/2019,CanoeShed,1.497403734,2.698164583,21.74083333,HOBO
7/31/2019,CanoeShed,1.672920667,3.009189583,21.93916667,HOBO
8/1/2019,CanoeShed,1.65900782,2.992214583,22.04354167,HOBO
8/2/2019,CanoeShed,1.793946825,3.221313542,22.03958333,HOBO
8/3/2019,CanoeShed,1.898711335,3.403583333,22.105625,HOBO
8/4/2019,CanoeShed,1.977711312,3.538860417,22.13125,HOBO
8/5/2019,CanoeShed,2.075134703,3.712109375,22.24625,HOBO
8/6/2019,CanoeShed,2.144398212,3.835230208,22.33166667,HOBO
8/7/2019,CanoeShed,2.510602517,4.457021875,22.41125,HOBO
8/8/2019,CanoeShed,2.515679214,4.481291667,22.57916667,HOBO
8/9/2019,CanoeShed,2.549876621,4.545301042,22.64958333,HOBO
8/10/2019,CanoeShed,2.631951562,4.682761458,22.65,HOBO
8/11/2019,CanoeShed,2.642303242,4.684236458,22.48979167,HOBO
8/12/2019,CanoeShed,2.557986752,4.524001042,22.28479167,HOBO
8/13/2019,CanoeShed,3.000765745,5.24549375,22.19645833,HOBO
8/14/2019,CanoeShed,2.92182943,5.123936458,22.26666667,HOBO
8/15/2019,CanoeShed,2.806863995,4.942954167,22.34833333,HOBO
8/16/2019,CanoeShed,3.447993434,6.010158333,22.479375,HOBO
8/17/2019,CanoeShed,3.559198202,6.224258333,22.72229167,HOBO
8/18/2019,CanoeShed,3.697099467,6.4795625,22.94395833,HOBO
8/19/2019,CanoeShed,3.868510078,6.792529167,23.174375,HOBO
8/20/2019,CanoeShed,4.002094085,7.04131875,23.37854167,HOBO
8/21/2019,CanoeShed,3.887020187,6.861388542,23.44625,HOBO
8/22/2019,CanoeShed,4.075458383,7.183802083,23.52604167,HOBO
8/23/2019,CanoeShed,3.903117451,6.908210417,23.58625,HOBO
8/24/2019,CanoeShed,3.763942448,6.653821875,23.4125,HOBO
8/25/2019,CanoeShed,4.077978447,7.110098958,23.001875,HOBO
8/26/2019,CanoeShed,4.328978046,7.461878125,22.64791667,HOBO
8/27/2019,CanoeShed,4.759182423,8.111902083,22.41354167,HOBO
8/28/2019,CanoeShed,4.677083529,7.963111702,22.30510638,HOBO
8/29/2019,CanoeShed,4.642373293,7.89665625,22.23666667,HOBO
8/30/2019,CanoeShed,4.756634625,8.066185417,22.16979167,HOBO
8/31/2019,CanoeShed,4.930770701,8.337119792,22.1475,HOBO
9/1/2019,CanoeShed,4.847483181,8.221485417,22.23791667,HOBO
9/2/2019,CanoeShed,5.253498728,8.886363542,22.37479167,HOBO
9/3/2019,CanoeShed,5.401926068,9.1598,22.5825,HOBO
9/4/2019,CanoeShed,5.598178254,9.512584375,22.80354167,HOBO
9/5/2019,CanoeShed,5.795640776,9.86011875,22.97895833,HOBO
9/6/2019,CanoeShed,5.465839338,9.339114583,22.985625,HOBO
9/7/2019,CanoeShed,5.903934039,9.905323958,22.38416667,HOBO
9/8/2019,CanoeShed,6.199979372,10.337575,22.24333333,HOBO
9/9/2019,CanoeShed,5.992043432,10.01165208,22.22666667,HOBO
9/10/2019,CanoeShed,5.79580658,9.698555208,22.186875,HOBO
9/11/2019,CanoeShed,6.130326303,10.21737917,22.18666667,HOBO
9/12/2019,CanoeShed,6.107091074,10.22255625,22.378125,HOBO
9/13/2019,CanoeShed,6.075066529,10.22522708,22.62416667,HOBO
9/14/2019,CanoeShed,6.580642094,10.98700417,22.511875,HOBO
9/15/2019,CanoeShed,6.366158495,10.62006042,22.35770833,HOBO
9/16/2019,CanoeShed,6.108336593,10.22184583,22.36583333,HOBO
9/17/2019,CanoeShed,6.148758061,10.28422292,22.36541667,HOBO
9/18/2019,CanoeShed,6.63089448,11.02858333,22.35645833,HOBO
9/19/2019,CanoeShed,6.926253429,11.47419688,22.31770833,HOBO
9/20/2019,CanoeShed,6.89567201,11.41128333,22.25020833,HOBO
9/21/2019,CanoeShed,6.669645498,11.01129167,22.02291667,HOBO
9/22/2019,CanoeShed,6.401091598,10.56833333,21.88520833,HOBO
9/23/2019,CanoeShed,6.760703395,11.14318854,21.99208333,HOBO
9/24/2019,CanoeShed,6.734839592,11.15684583,22.219375,HOBO
9/25/2019,CanoeShed,6.478748683,10.77391979,22.26791667,HOBO
9/26/2019,CanoeShed,7.507821467,12.30095313,22.07416667,HOBO
9/27/2019,CanoeShed,7.501360452,12.2913375,22.07541667,HOBO
9/28/2019,CanoeShed,7.888194817,12.87318125,22.06125,HOBO
9/29/2019,CanoeShed,7.716191757,12.6176625,22.07791667,HOBO
9/30/2019,CanoeShed,7.954495957,13.01241979,22.20541667,HOBO
10/1/2019,CanoeShed,8.271195469,13.48510104,22.18520833,HOBO
10/2/2019,CanoeShed,8.246602403,13.4600125,22.2275,HOBO
10/3/2019,CanoeShed,7.996286578,13.14298542,22.45,HOBO
10/4/2019,CanoeShed,8.397729391,13.76383646,22.49145833,HOBO
10/5/2019,CanoeShed,8.197220075,13.41972917,22.35208333,HOBO
10/6/2019,CanoeShed,8.697459166,13.91220625,21.46125,HOBO
10/7/2019,CanoeShed,8.634835568,13.79436563,21.375625,HOBO
10/8/2019,CanoeShed,8.418771871,13.47077604,21.36,HOBO
10/9/2019,CanoeShed,8.489641621,13.47813333,21.029375,HOBO
10/10/2019,CanoeShed,9.018432877,14.07173854,20.42916667,HOBO
10/11/2019,CanoeShed,9.336322107,14.41440104,20.06291667,HOBO
10/12/2019,CanoeShed,9.530662543,14.58731771,19.73604167,HOBO
10/13/2019,CanoeShed,9.503278546,14.54496354,19.72458333,HOBO
10/14/2019,CanoeShed,9.321514335,14.30972292,19.79375,HOBO
10/15/2019,CanoeShed,9.116536387,13.97712292,19.65666667,HOBO
10/16/2019,CanoeShed,9.164890198,13.94069271,19.31520833,HOBO
10/17/2019,CanoeShed,9.106390892,13.79590938,19.10791667,HOBO
10/18/2019,CanoeShed,8.910610613,13.47062604,18.93604167,HOBO
10/19/2019,CanoeShed,8.728813897,13.17003958,18.776875,HOBO
10/20/2019,CanoeShed,8.687313651,12.99500417,18.37208333,HOBO
10/21/2019,CanoeShed,8.525868391,12.72232708,18.19979167,HOBO
10/22/2019,CanoeShed,8.399174781,12.54860833,18.20395833,HOBO
10/23/2019,CanoeShed,8.237627352,12.32082292,18.18875,HOBO
10/24/2019,CanoeShed,8.085039086,12.07479375,18.06020833,HOBO
10/25/2019,CanoeShed,7.946144467,11.86981563,18.011875,HOBO
10/26/2019,CanoeShed,7.812466211,11.67576042,17.9775,HOBO
10/27/2019,CanoeShed,7.718424233,11.54355521,17.97020833,HOBO
10/28/2019,CanoeShed,7.564930317,11.35653438,18.07125,HOBO
10/29/2019,CanoeShed,7.418937743,11.13460208,17.99666667,HOBO
10/30/2019,CanoeShed,7.301932727,10.95637396,17.934375,HOBO
10/31/2019,CanoeShed,7.237754064,10.88960313,18.02666667,HOBO
11/1/2019,CanoeShed,7.176514257,10.775075,17.90625,HOBO
11/2/2019,CanoeShed,7.061041831,10.53378021,17.56895833,HOBO
11/3/2019,CanoeShed,6.956451604,10.30855104,17.22625,HOBO
11/4/2019,CanoeShed,6.861805543,10.09422708,16.86229167,HOBO
11/5/2019,CanoeShed,6.885525164,10.04834375,16.52416667,HOBO
11/6/2019,CanoeShed,6.797794921,9.923601042,16.49833333,HOBO
11/7/2019,CanoeShed,6.709244464,9.7743125,16.36875,HOBO
11/8/2019,CanoeShed,6.62281719,9.614901042,16.17791667,HOBO
11/9/2019,CanoeShed,6.548015433,9.439715625,15.83979167,HOBO
11/10/2019,CanoeShed,6.509455646,9.288885417,15.385625,HOBO
11/11/2019,CanoeShed,6.517612905,9.240639583,15.11375,HOBO
11/12/2019,CanoeShed,6.448883536,9.158333333,15.15208333,HOBO
11/13/2019,CanoeShed,6.38711915,9.011223958,14.84458333,HOBO
11/14/2019,CanoeShed,6.32153185,8.846705208,14.47208333,HOBO
11/15/2019,CanoeShed,6.258033087,8.699692708,14.16333333,HOBO
11/16/2019,CanoeShed,6.199734599,8.600879167,14.04979167,HOBO
11/17/2019,CanoeShed,6.171000525,8.517760417,13.82604167,HOBO
11/18/2019,CanoeShed,6.325267169,8.597722917,13.265,HOBO
11/19/2019,CanoeShed,6.65376196,8.800961458,12.29,HOBO
11/20/2019,CanoeShed,6.675930397,8.955503125,12.87520833,HOBO
11/21/2019,CanoeShed,6.597056221,8.887680208,13.01625,HOBO
11/22/2019,CanoeShed,6.567758338,8.83181875,12.92729167,HOBO
11/23/2019,CanoeShed,6.510118692,8.744472917,12.85583333,HOBO
11/24/2019,CanoeShed,6.441490882,8.607733333,12.61458333,HOBO
11/25/2019,CanoeShed,6.35545368,8.486826042,12.54791667,HOBO
11/26/2019,CanoeShed,6.296278546,8.409930208,12.53166667,HOBO
11/27/2019,CanoeShed,6.242960686,8.353164583,12.578125,HOBO
11/28/2019,CanoeShed,6.198767045,8.311838542,12.64541667,HOBO
11/29/2019,CanoeShed,6.152522714,8.241263542,12.581875,HOBO
11/30/2019,CanoeShed,6.125491925,8.183555208,12.463125,HOBO
12/1/2019,CanoeShed,6.172815473,8.159073958,12.05083333,HOBO
12/2/2019,CanoeShed,6.116910716,8.075459375,11.97729167,HOBO
12/3/2019,CanoeShed,6.042306775,7.973972917,11.92791667,HOBO
12/4/2019,CanoeShed,5.999290909,7.868047917,11.65770833,HOBO
12/5/2019,CanoeShed,5.959353877,7.792246875,11.519375,HOBO
12/6/2019,CanoeShed,5.918806242,7.736091667,11.484375,HOBO
12/7/2019,CanoeShed,5.87780745,7.670989583,11.40541667,HOBO
12/8/2019,CanoeShed,5.840260351,7.593667708,11.23958333,HOBO
12/9/2019,CanoeShed,5.799549767,7.519103125,11.10645833,HOBO
12/10/2019,CanoeShed,5.757842988,7.503416667,11.29104167,HOBO
12/11/2019,CanoeShed,5.711371608,7.464692708,11.385625,HOBO
12/12/2019,CanoeShed,5.651089425,7.347832292,11.15104167,HOBO
12/13/2019,CanoeShed,5.592945632,7.226346875,10.8725,HOBO
12/14/2019,CanoeShed,5.560991315,7.166116667,10.753125,HOBO
12/15/2019,CanoeShed,5.534977606,7.144951042,10.80895833,HOBO
12/16/2019,CanoeShed,5.500621425,7.083476042,10.696875,HOBO
12/17/2019,CanoeShed,5.45625437,6.992630208,10.48645833,HOBO
12/18/2019,CanoeShed,5.411051313,6.916983333,10.36416667,HOBO
12/19/2019,CanoeShed,5.381230456,6.838648958,10.12041667,HOBO
12/20/2019,CanoeShed,5.357099307,6.758739583,9.82625,HOBO
12/21/2019,CanoeShed,5.331149833,6.686720833,9.586875,HOBO
12/22/2019,CanoeShed,5.306949391,6.621017708,9.369791667,HOBO
12/23/2019,CanoeShed,5.281709233,6.563551042,9.205833333,HOBO
12/24/2019,CanoeShed,5.258511405,6.539761458,9.224166667,HOBO
12/25/2019,CanoeShed,5.237207335,6.50418125,9.160208333,HOBO
12/26/2019,CanoeShed,5.214834543,6.463628125,9.07375,HOBO
12/27/2019,CanoeShed,5.193906458,6.453419792,9.157083333,HOBO
12/28/2019,CanoeShed,5.17356792,6.449458333,9.274166667,HOBO
12/29/2019,CanoeShed,5.153852518,6.450178125,9.415625,HOBO
12/30/2019,CanoeShed,5.129198727,6.455557292,9.620625,HOBO
12/31/2019,CanoeShed,5.10373251,6.470003125,9.887291667,HOBO
1/1/2020,CanoeShed,5.069642891,6.472985417,10.14875,HOBO
1/2/2020,CanoeShed,5.034025016,6.407995833,10.011875,HOBO
1/3/2020,CanoeShed,5.004239309,6.349964583,9.873958333,HOBO
1/4/2020,CanoeShed,4.990040255,6.355544792,10.01125,HOBO
1/5/2020,CanoeShed,4.976956051,6.35655625,10.11291667,HOBO
1/6/2020,CanoeShed,4.952696205,6.311148958,10.01145833,HOBO
1/7/2020,CanoeShed,4.92588905,6.251472917,9.839166667,HOBO
1/8/2020,CanoeShed,4.88850503,6.159365625,9.540416667,HOBO
1/9/2020,CanoeShed,4.854362916,6.089614583,9.353958333,HOBO
1/10/2020,CanoeShed,4.826850132,6.040084375,9.244375,HOBO
1/11/2020,CanoeShed,4.810083087,6.034364583,9.332916667,HOBO
1/12/2020,CanoeShed,4.803643933,6.093582292,9.757916667,HOBO
1/13/2020,CanoeShed,4.796231376,6.147933333,10.15916667,HOBO
1/14/2020,CanoeShed,4.781811792,6.144853125,10.249375,HOBO
1/15/2020,CanoeShed,4.76976673,6.136207292,10.28645833,HOBO
1/16/2020,CanoeShed,4.757211221,6.126369792,10.32,HOBO
1/17/2020,CanoeShed,4.735380339,6.079317708,10.18666667,HOBO
1/18/2020,CanoeShed,4.711054813,5.999277083,9.858333333,HOBO
1/19/2020,CanoeShed,4.68242365,5.92809375,9.617083333,HOBO
1/20/2020,CanoeShed,4.658982682,5.869155208,9.412708333,HOBO
1/21/2020,CanoeShed,4.637472251,5.804848958,9.155833333,HOBO
1/22/2020,CanoeShed,4.615134071,5.737142708,8.88,HOBO
1/23/2020,CanoeShed,4.569590419,5.640911458,8.589375,HOBO
1/24/2020,CanoeShed,4.48488749,5.514316071,8.392857143,HOBO
6/24/2019,CanoeShed,0.271416372,,,MarshOrgan
6/25/2019,CanoeShed,0.190603878,,,MarshOrgan
6/26/2019,CanoeShed,0.435932719,,,MarshOrgan
6/27/2019,CanoeShed,0.867920406,,,MarshOrgan
6/28/2019,CanoeShed,0.777859903,,,MarshOrgan
6/29/2019,CanoeShed,1.036393878,,,MarshOrgan
6/30/2019,CanoeShed,0.096869979,,,MarshOrgan
7/1/2019,CanoeShed,0.509724964,,,MarshOrgan
7/2/2019,CanoeShed,1.424992304,,,MarshOrgan
7/3/2019,CanoeShed,0.149426658,,,MarshOrgan
7/4/2019,CanoeShed,0.874030275,,,MarshOrgan
7/5/2019,CanoeShed,0.683814561,,,MarshOrgan
7/6/2019,CanoeShed,0.599461079,,,MarshOrgan
7/7/2019,CanoeShed,0.363902349,,,MarshOrgan
7/8/2019,CanoeShed,0.56883948,,,MarshOrgan
7/9/2019,CanoeShed,0.134814908,,,MarshOrgan
7/10/2019,CanoeShed,0.159807054,,,MarshOrgan
7/11/2019,CanoeShed,0.264573419,,,MarshOrgan
7/12/2019,CanoeShed,0.084162113,,,MarshOrgan
7/13/2019,CanoeShed,0.367730705,,,MarshOrgan
7/14/2019,CanoeShed,1.155301725,,,MarshOrgan
7/15/2019,CanoeShed,0.958687045,,,MarshOrgan
7/16/2019,CanoeShed,1.548115647,,,MarshOrgan
7/17/2019,CanoeShed,1.262374009,,,MarshOrgan
7/18/2019,CanoeShed,0.939356814,,,MarshOrgan
7/19/2019,CanoeShed,1.188732614,,,MarshOrgan
7/20/2019,CanoeShed,2.065060529,,,MarshOrgan
7/21/2019,CanoeShed,1.832748484,,,MarshOrgan
7/22/2019,CanoeShed,2.798096721,,,MarshOrgan
7/23/2019,CanoeShed,1.852794784,,,MarshOrgan
7/24/2019,CanoeShed,1.52494333,,,MarshOrgan
7/25/2019,CanoeShed,3.252819331,,,MarshOrgan
7/26/2019,CanoeShed,2.025714788,,,MarshOrgan
7/27/2019,CanoeShed,1.985410167,,,MarshOrgan
7/28/2019,CanoeShed,2.654231093,,,MarshOrgan
7/29/2019,CanoeShed,2.927741771,,,MarshOrgan
7/30/2019,CanoeShed,3.112912544,,,MarshOrgan
7/31/2019,CanoeShed,3.464789699,,,MarshOrgan
8/1/2019,CanoeShed,3.117042997,,,MarshOrgan
8/2/2019,CanoeShed,3.454651265,,,MarshOrgan
8/3/2019,CanoeShed,3.360082721,,,MarshOrgan
8/4/2019,CanoeShed,3.49758001,,,MarshOrgan
8/5/2019,CanoeShed,3.480144264,,,MarshOrgan
8/6/2019,CanoeShed,3.676943495,,,MarshOrgan
8/7/2019,CanoeShed,4.307398833,,,MarshOrgan
8/8/2019,CanoeShed,3.019499885,,,MarshOrgan
8/9/2019,CanoeShed,3.164556472,,,MarshOrgan
8/10/2019,CanoeShed,2.898537822,,,MarshOrgan
8/11/2019,CanoeShed,3.53083583,,,MarshOrgan
8/12/2019,CanoeShed,3.778177431,,,MarshOrgan
8/13/2019,CanoeShed,4.311863064,,,MarshOrgan
8/14/2019,CanoeShed,3.463492041,,,MarshOrgan
8/15/2019,CanoeShed,4.114082087,,,MarshOrgan
8/16/2019,CanoeShed,4.519601761,,,MarshOrgan
8/17/2019,CanoeShed,4.188004342,,,MarshOrgan
8/18/2019,CanoeShed,3.902990539,,,MarshOrgan
8/19/2019,CanoeShed,3.78698238,,,MarshOrgan
8/20/2019,CanoeShed,3.602651275,,,MarshOrgan
8/21/2019,CanoeShed,3.691254226,,,MarshOrgan
8/22/2019,CanoeShed,3.80173619,,,MarshOrgan
8/23/2019,CanoeShed,4.0164493,,,MarshOrgan
8/24/2019,CanoeShed,4.101913113,,,MarshOrgan
8/25/2019,CanoeShed,5.558303698,,,MarshOrgan
8/26/2019,CanoeShed,6.305449906,,,MarshOrgan
8/27/2019,CanoeShed,6.477495373,,,MarshOrgan
8/28/2019,CanoeShed,6.005532063,,,MarshOrgan
8/29/2019,CanoeShed,5.582744073,,,MarshOrgan
8/30/2019,CanoeShed,5.887422112,,,MarshOrgan
8/31/2019,CanoeShed,5.557013575,,,MarshOrgan
9/1/2019,CanoeShed,5.35023602,,,MarshOrgan
9/2/2019,CanoeShed,5.561604812,,,MarshOrgan
9/3/2019,CanoeShed,5.609072089,,,MarshOrgan
9/4/2019,CanoeShed,5.803227533,,,MarshOrgan
9/5/2019,CanoeShed,5.956618359,,,MarshOrgan
9/6/2019,CanoeShed,6.541603161,,,MarshOrgan
9/7/2019,CanoeShed,7.358190267,,,MarshOrgan
9/8/2019,CanoeShed,7.06824344,,,MarshOrgan
9/9/2019,CanoeShed,6.4739806,,,MarshOrgan
9/10/2019,CanoeShed,6.453743704,,,MarshOrgan
9/11/2019,CanoeShed,6.54428701,,,MarshOrgan
9/12/2019,CanoeShed,6.077671019,,,MarshOrgan
9/13/2019,CanoeShed,6.731610726,,,MarshOrgan
9/14/2019,CanoeShed,7.438281653,,,MarshOrgan
9/15/2019,CanoeShed,6.697422399,,,MarshOrgan
9/16/2019,CanoeShed,6.556120821,,,MarshOrgan
9/17/2019,CanoeShed,6.396582154,,,MarshOrgan
9/18/2019,CanoeShed,6.805868687,,,MarshOrgan
9/19/2019,CanoeShed,7.246205039,,,MarshOrgan
9/20/2019,CanoeShed,7.486471273,,,MarshOrgan
9/21/2019,CanoeShed,7.068374541,,,MarshOrgan
9/22/2019,CanoeShed,6.596233538,,,MarshOrgan
9/23/2019,CanoeShed,6.54003003,,,MarshOrgan
9/24/2019,CanoeShed,5.460215368,,,MarshOrgan
9/25/2019,CanoeShed,7.583235588,,,MarshOrgan
9/26/2019,CanoeShed,7.563976335,,,MarshOrgan
9/27/2019,CanoeShed,7.498874668,,,MarshOrgan
9/28/2019,CanoeShed,7.448296462,,,MarshOrgan
9/29/2019,CanoeShed,6.842030385,,,MarshOrgan
9/30/2019,CanoeShed,6.945432956,,,MarshOrgan
10/1/2019,CanoeShed,7.129189362,,,MarshOrgan
10/2/2019,CanoeShed,6.744534277,,,MarshOrgan
10/3/2019,CanoeShed,6.818604056,,,MarshOrgan
10/4/2019,CanoeShed,7.31522206,,,MarshOrgan
10/5/2019,CanoeShed,8.393301541,,,MarshOrgan
10/6/2019,CanoeShed,8.96459524,,,MarshOrgan
10/7/2019,CanoeShed,8.446576976,,,MarshOrgan
10/8/2019,CanoeShed,8.548538585,,,MarshOrgan
10/9/2019,CanoeShed,9.379147039,,,MarshOrgan
10/10/2019,CanoeShed,9.515659262,,,MarshOrgan
10/11/2019,CanoeShed,9.603762297,,,MarshOrgan
10/12/2019,CanoeShed,9.859676821,,,MarshOrgan
10/13/2019,CanoeShed,10.12275699,,,MarshOrgan
10/14/2019,CanoeShed,9.836115342,,,MarshOrgan
10/15/2019,CanoeShed,9.716092999,,,MarshOrgan
10/16/2019,CanoeShed,9.941693863,,,MarshOrgan
10/17/2019,CanoeShed,9.520535732,,,MarshOrgan
10/18/2019,CanoeShed,7.74026202,,,MarshOrgan
10/19/2019,CanoeShed,8.638812396,,,MarshOrgan
10/20/2019,CanoeShed,9.227338775,,,MarshOrgan
10/21/2019,CanoeShed,6.038231825,,,MarshOrgan
10/22/2019,CanoeShed,7.703191908,,,MarshOrgan
10/23/2019,CanoeShed,7.419300114,,,MarshOrgan
10/24/2019,CanoeShed,7.93977448,,,MarshOrgan
10/25/2019,CanoeShed,8.071876531,,,MarshOrgan
10/26/2019,CanoeShed,8.075220431,,,MarshOrgan
10/27/2019,CanoeShed,8.396756118,,,MarshOrgan
10/28/2019,CanoeShed,5.865979221,,,MarshOrgan
10/29/2019,CanoeShed,6.361737203,,,MarshOrgan
10/30/2019,CanoeShed,7.436563002,,,MarshOrgan
7/9/2018,NorthFork,1.184003369,2.085058696,20.12608696,HOBO
7/10/2018,NorthFork,1.173055796,2.056722917,19.90604167,HOBO
7/11/2018,NorthFork,1.180789249,2.070385417,19.923125,HOBO
7/12/2018,NorthFork,1.188103042,2.092075,20.13020833,HOBO
7/13/2018,NorthFork,1.185031056,2.094779167,20.30104167,HOBO
7/14/2018,NorthFork,1.185643687,2.098930208,20.36895833,HOBO
7/15/2018,NorthFork,1.244233256,2.194940625,20.32083333,HOBO
7/16/2018,NorthFork,1.299431399,2.29093125,20.39291667,HOBO
7/17/2018,NorthFork,1.375901655,2.434394792,20.68833333,HOBO
7/18/2018,NorthFork,1.409600588,2.503634375,20.92541667,HOBO
7/19/2018,NorthFork,1.404934121,2.490054167,20.81958333,HOBO
7/20/2018,NorthFork,1.396976065,2.465258333,20.60708333,HOBO
7/21/2018,NorthFork,1.403262378,2.4709625,20.51833333,HOBO
7/22/2018,NorthFork,1.448365613,2.535707292,20.33020833,HOBO
7/23/2018,NorthFork,1.481279594,2.579220833,20.13479167,HOBO
7/24/2018,NorthFork,1.520172422,2.64539375,20.17041667,HOBO
7/25/2018,NorthFork,1.548874949,2.699158333,20.28041667,HOBO
7/26/2018,NorthFork,1.563658615,2.72585,20.31916667,HOBO
7/27/2018,NorthFork,1.595593443,2.782407292,20.38291667,HOBO
7/28/2018,NorthFork,1.652449761,2.883490625,20.50041667,HOBO
7/29/2018,NorthFork,1.676216735,2.9220125,20.48958333,HOBO
7/30/2018,NorthFork,1.69918132,2.952504167,20.37583333,HOBO
7/31/2018,NorthFork,1.72005133,2.975297917,20.19979167,HOBO
8/1/2018,NorthFork,1.736087067,3.001322917,20.19666667,HOBO
8/2/2018,NorthFork,1.750978795,3.042559375,20.45125,HOBO
8/3/2018,NorthFork,1.776636661,3.09643125,20.62604167,HOBO
8/4/2018,NorthFork,1.779776478,3.103613542,20.65583333,HOBO
8/5/2018,NorthFork,1.785004583,3.118761458,20.75229167,HOBO
8/6/2018,NorthFork,1.794541421,3.14455625,20.89979167,HOBO
8/7/2018,NorthFork,1.798427723,3.1642375,21.09395833,HOBO
8/8/2018,NorthFork,1.780305022,3.146602083,21.27833333,HOBO
8/9/2018,NorthFork,1.562673963,2.792865625,21.50104167,HOBO
8/10/2018,NorthFork,1.40029183,2.526690625,21.64145833,HOBO
8/11/2018,NorthFork,1.426624526,2.576311458,21.725,HOBO
8/12/2018,NorthFork,1.474226584,2.660640625,21.77729167,HOBO
8/13/2018,NorthFork,1.528383128,2.748394792,21.6975,HOBO
8/14/2018,NorthFork,1.582232629,2.835634375,21.62625,HOBO
8/15/2018,NorthFork,1.623951493,2.898276042,21.496875,HOBO
8/16/2018,NorthFork,1.653480333,2.946898958,21.47770833,HOBO
8/17/2018,NorthFork,1.674171067,2.988186458,21.57791667,HOBO
8/18/2018,NorthFork,1.691179172,3.034628125,21.851875,HOBO
8/19/2018,NorthFork,1.703898477,3.067313542,22.02208333,HOBO
8/20/2018,NorthFork,1.722992108,3.095553125,21.958125,HOBO
8/21/2018,NorthFork,1.764496479,3.155060417,21.79625,HOBO
8/22/2018,NorthFork,1.789081208,3.1951625,21.77541667,HOBO
8/23/2018,NorthFork,1.776499659,3.168939583,21.70166667,HOBO
8/24/2018,NorthFork,1.767774435,3.130620833,21.35145833,HOBO
8/25/2018,NorthFork,1.760047535,3.093319792,20.98791667,HOBO
8/26/2018,NorthFork,1.747723297,3.056927083,20.74854167,HOBO
8/27/2018,NorthFork,1.738734355,3.041989583,20.74770833,HOBO
8/28/2018,NorthFork,1.726638815,3.043839583,21.08020833,HOBO
8/29/2018,NorthFork,1.723437235,3.069679167,21.554375,HOBO
8/30/2018,NorthFork,1.716988124,3.088515625,22.00604167,HOBO
8/31/2018,NorthFork,1.730645952,3.129241667,22.26979167,HOBO
9/1/2018,NorthFork,1.704696688,3.098075,22.47166667,HOBO
9/2/2018,NorthFork,1.692750638,3.088988542,22.646875,HOBO
9/3/2018,NorthFork,1.68675132,3.084688542,22.74,HOBO
9/4/2018,NorthFork,1.667849491,3.059675,22.85958333,HOBO
9/5/2018,NorthFork,1.64626115,3.032614583,23.02291667,HOBO
9/6/2018,NorthFork,1.638279378,3.026432292,23.14479167,HOBO
9/7/2018,NorthFork,1.612043172,2.989903125,23.29416667,HOBO
9/8/2018,NorthFork,1.60511218,2.976922917,23.28104167,HOBO
9/9/2018,NorthFork,1.650659674,3.023802083,22.76791667,HOBO
9/10/2018,NorthFork,1.71937681,3.078663542,21.79708333,HOBO
9/11/2018,NorthFork,1.793063931,3.175980208,21.39729167,HOBO
9/12/2018,NorthFork,1.863698718,3.289673958,21.33520833,HOBO
9/13/2018,NorthFork,1.635764853,2.915647917,21.52625,HOBO
9/14/2018,NorthFork,1.322646915,2.394888542,21.665625,HOBO
9/15/2018,NorthFork,1.428950866,2.580657292,21.731875,HOBO
9/16/2018,NorthFork,1.506368941,2.715248958,21.77208333,HOBO
9/17/2018,NorthFork,1.571712341,2.827152083,21.78083333,HOBO
9/18/2018,NorthFork,1.654329169,2.971508333,21.843125,HOBO
9/19/2018,NorthFork,1.685733025,3.030014583,21.92375,HOBO
9/20/2018,NorthFork,1.750745959,3.137211458,21.87729167,HOBO
9/21/2018,NorthFork,1.81883768,3.248709375,21.82395833,HOBO
9/22/2018,NorthFork,1.882972552,3.351438542,21.75020833,HOBO
9/23/2018,NorthFork,2.028737207,3.583270833,21.59229167,HOBO
9/24/2018,NorthFork,2.203391216,3.829630208,21.06416667,HOBO
9/25/2018,NorthFork,2.300839246,3.953964583,20.65395833,HOBO
9/26/2018,NorthFork,2.349648428,4.028094792,20.59833333,HOBO
9/27/2018,NorthFork,2.393377176,4.121048958,20.84979167,HOBO
9/28/2018,NorthFork,2.428369273,4.159725,20.65125,HOBO
9/29/2018,NorthFork,2.454003241,4.168310417,20.29166667,HOBO
9/30/2018,NorthFork,2.490169863,4.21394375,20.16,HOBO
10/1/2018,NorthFork,2.539954583,4.279536458,20.015,HOBO
10/2/2018,NorthFork,2.605149209,4.388660417,20.07583333,HOBO
10/3/2018,NorthFork,2.667130825,4.50728125,20.28458333,HOBO
10/4/2018,NorthFork,2.723842099,4.619508333,20.50604167,HOBO
10/5/2018,NorthFork,2.904415277,4.9311,20.73625,HOBO
3/9/2019,NorthFork,0.392451049,0.538930952,8.002380952,HOBO
3/10/2019,NorthFork,0.4157822,0.571153125,8.089375,HOBO
3/11/2019,NorthFork,0.447008664,0.616217708,8.317083333,HOBO
3/12/2019,NorthFork,0.477976328,0.6607875,8.516666667,HOBO
3/13/2019,NorthFork,0.504726563,0.69761875,8.586041667,HOBO
3/14/2019,NorthFork,0.528369024,0.7309875,8.687291667,HOBO
3/15/2019,NorthFork,0.554927155,0.770280208,8.883125,HOBO
3/16/2019,NorthFork,0.572978633,0.803264583,9.305625,HOBO
3/17/2019,NorthFork,0.577046647,0.812933333,9.5025,HOBO
3/18/2019,NorthFork,0.576165973,0.80585,9.225833333,HOBO
3/19/2019,NorthFork,0.606812238,0.843375,9.063958333,HOBO
3/20/2019,NorthFork,0.652682533,0.905717708,9.120416667,HOBO
3/21/2019,NorthFork,0.680024565,0.944416667,9.215625,HOBO
3/22/2019,NorthFork,0.697070593,0.969108333,9.295,HOBO
3/23/2019,NorthFork,0.711609916,0.989970833,9.353125,HOBO
3/24/2019,NorthFork,0.725495038,1.008705208,9.3625,HOBO
3/25/2019,NorthFork,0.737816277,1.02656875,9.416875,HOBO
3/26/2019,NorthFork,0.746902118,1.041083333,9.505416667,HOBO
3/27/2019,NorthFork,0.758260627,1.056709375,9.522916667,HOBO
3/28/2019,NorthFork,0.770909653,1.072597917,9.488541667,HOBO
3/29/2019,NorthFork,0.779329486,1.085001042,9.530625,HOBO
3/30/2019,NorthFork,0.788258516,1.099529167,9.622291667,HOBO
3/31/2019,NorthFork,0.781732071,1.097886458,9.869791667,HOBO
4/1/2019,NorthFork,0.763007053,1.073884375,9.910208333,HOBO
4/2/2019,NorthFork,0.750309415,1.051178125,9.707083333,HOBO
4/3/2019,NorthFork,0.808283182,1.1293875,9.729791667,HOBO
4/4/2019,NorthFork,0.830890514,1.16246875,9.825416667,HOBO
4/5/2019,NorthFork,0.811001052,1.139259375,9.940625,HOBO
4/6/2019,NorthFork,0.775716074,1.093140625,9.986458333,HOBO
4/7/2019,NorthFork,0.751746887,1.06654375,10.19395833,HOBO
4/8/2019,NorthFork,0.737243246,1.053984375,10.45625,HOBO
4/9/2019,NorthFork,0.726214218,1.052473958,10.96083333,HOBO
4/10/2019,NorthFork,0.722253758,1.059852083,11.439375,HOBO
4/11/2019,NorthFork,0.717173739,1.057784375,11.62875,HOBO
4/12/2019,NorthFork,0.709129028,1.045795833,11.605,HOBO
4/13/2019,NorthFork,0.704604157,1.040544792,11.64833333,HOBO
4/14/2019,NorthFork,0.694647664,1.034364583,11.95208333,HOBO
4/15/2019,NorthFork,0.689845565,1.03435625,12.21583333,HOBO
4/16/2019,NorthFork,0.68269125,1.0267,12.3175,HOBO
4/17/2019,NorthFork,0.542555849,0.821539583,12.261875,HOBO
4/18/2019,NorthFork,0.463142875,0.706789583,12.28458333,HOBO
4/19/2019,NorthFork,0.490518236,0.7507125,12.484375,HOBO
4/20/2019,NorthFork,0.519654113,0.799291667,12.77416667,HOBO
4/21/2019,NorthFork,0.542597898,0.838763542,13.04458333,HOBO
4/22/2019,NorthFork,0.558849982,0.864875,13.13854167,HOBO
4/23/2019,NorthFork,0.572853044,0.88689375,13.194375,HOBO
4/24/2019,NorthFork,0.584888422,0.908526042,13.36229167,HOBO
4/25/2019,NorthFork,0.59499379,0.928208333,13.56583333,HOBO
4/26/2019,NorthFork,0.606778311,0.946725,13.604375,HOBO
4/27/2019,NorthFork,0.620715012,0.967775,13.613125,HOBO
4/28/2019,NorthFork,0.628243158,0.978984375,13.61145833,HOBO
4/29/2019,NorthFork,0.633440796,0.984292708,13.51,HOBO
4/30/2019,NorthFork,0.641748583,0.992257292,13.32979167,HOBO
5/1/2019,NorthFork,0.646875243,1.003070833,13.46020833,HOBO
5/2/2019,NorthFork,0.651685005,1.0131625,13.57895833,HOBO
5/3/2019,NorthFork,0.662301715,1.035094792,13.82125,HOBO
5/4/2019,NorthFork,0.671008902,1.053034375,14.013125,HOBO
5/5/2019,NorthFork,0.680710405,1.071205208,14.15145833,HOBO
5/6/2019,NorthFork,0.69765326,1.096157292,14.130625,HOBO
5/7/2019,NorthFork,0.708021546,1.112010417,14.14020833,HOBO
5/8/2019,NorthFork,0.713799318,1.1251125,14.3025,HOBO
5/9/2019,NorthFork,0.717015969,1.13360625,14.435625,HOBO
5/10/2019,NorthFork,0.720036384,1.13990625,14.49854167,HOBO
5/11/2019,NorthFork,0.722659114,1.148671875,14.67208333,HOBO
5/12/2019,NorthFork,0.725143708,1.154030208,14.72916667,HOBO
5/13/2019,NorthFork,0.731012031,1.15586875,14.47520833,HOBO
5/14/2019,NorthFork,0.736304394,1.155184375,14.165625,HOBO
5/15/2019,NorthFork,0.739440452,1.153210417,13.92791667,HOBO
5/16/2019,NorthFork,0.741235382,1.15380625,13.85395833,HOBO
5/17/2019,NorthFork,0.74326044,1.159038542,13.9325,HOBO
5/18/2019,NorthFork,0.743966385,1.165157292,14.11166667,HOBO
5/19/2019,NorthFork,0.743770067,1.173580208,14.419375,HOBO
5/20/2019,NorthFork,0.743881305,1.18565625,14.83875,HOBO
5/21/2019,NorthFork,0.739667422,1.193184375,15.33104167,HOBO
5/22/2019,NorthFork,0.73532474,1.188378125,15.39791667,HOBO
5/23/2019,NorthFork,0.734928258,1.182047917,15.19541667,HOBO
5/24/2019,NorthFork,0.737405662,1.186361458,15.213125,HOBO
5/25/2019,NorthFork,0.737881413,1.193285417,15.43166667,HOBO
5/26/2019,NorthFork,0.73956656,1.200582292,15.59666667,HOBO
5/27/2019,NorthFork,0.740606171,1.210217708,15.87791667,HOBO
5/28/2019,NorthFork,0.74459221,1.223016667,16.10666667,HOBO
5/29/2019,NorthFork,0.751244198,1.238434375,16.278125,HOBO
5/30/2019,NorthFork,0.757353297,1.258276042,16.626875,HOBO
5/31/2019,NorthFork,0.767272473,1.280798958,16.855,HOBO
6/1/2019,NorthFork,0.777222721,1.301077083,17.00145833,HOBO
6/2/2019,NorthFork,0.786462943,1.319251042,17.11291667,HOBO
6/3/2019,NorthFork,0.795462666,1.33620625,17.19520833,HOBO
6/4/2019,NorthFork,0.801220838,1.3404625,17.03479167,HOBO
6/5/2019,NorthFork,0.805975504,1.338019792,16.7125,HOBO
6/6/2019,NorthFork,0.811059161,1.346952083,16.74020833,HOBO
6/7/2019,NorthFork,0.813794838,1.360628125,17.03708333,HOBO
6/8/2019,NorthFork,0.815935421,1.370609375,17.245,HOBO
6/9/2019,NorthFork,0.816494583,1.374703125,17.34604167,HOBO
6/10/2019,NorthFork,0.820769412,1.381142708,17.3325,HOBO
6/11/2019,NorthFork,0.824793314,1.387469792,17.328125,HOBO
6/12/2019,NorthFork,0.824164379,1.387564583,17.36270833,HOBO
6/13/2019,NorthFork,0.828105655,1.390589583,17.25958333,HOBO
6/14/2019,NorthFork,0.834824714,1.3985375,17.17208333,HOBO
6/15/2019,NorthFork,0.835152611,1.393341667,16.99479167,HOBO
6/16/2019,NorthFork,0.832464,1.385994792,16.89958333,HOBO
6/17/2019,NorthFork,0.828200343,1.386894792,17.13958333,HOBO
6/18/2019,NorthFork,0.82900413,1.400715625,17.52979167,HOBO
6/19/2019,NorthFork,0.835154466,1.420380208,17.83041667,HOBO
6/20/2019,NorthFork,0.841787125,1.4386,18.05833333,HOBO
6/21/2019,NorthFork,0.849660123,1.460419792,18.33,HOBO
6/22/2019,NorthFork,0.853850416,1.469083333,18.38395833,HOBO
6/23/2019,NorthFork,0.855066426,1.466448958,18.24479167,HOBO
6/24/2019,NorthFork,0.853395833,1.459440625,18.11604167,HOBO
6/25/2019,NorthFork,0.851707902,1.459511458,18.20145833,HOBO
6/26/2019,NorthFork,0.848315176,1.463447917,18.48854167,HOBO
6/27/2019,NorthFork,0.846546988,1.468188542,18.72020833,HOBO
6/28/2019,NorthFork,0.843433818,1.471303125,18.97104167,HOBO
6/29/2019,NorthFork,0.840839762,1.475107292,19.21770833,HOBO
6/30/2019,NorthFork,0.843483885,1.486439583,19.42645833,HOBO
7/1/2019,NorthFork,0.842281894,1.487207292,19.51083333,HOBO
7/2/2019,NorthFork,0.840098028,1.481973958,19.46375,HOBO
7/3/2019,NorthFork,0.839015274,1.48218125,19.52541667,HOBO
7/4/2019,NorthFork,0.838185691,1.486416667,19.69645833,HOBO
7/5/2019,NorthFork,0.840324542,1.498005208,19.9375,HOBO
7/6/2019,NorthFork,0.840466294,1.506902083,20.19895833,HOBO
7/7/2019,NorthFork,0.842548591,1.518995833,20.45541667,HOBO
7/8/2019,NorthFork,0.845184505,1.525984375,20.52895833,HOBO
7/9/2019,NorthFork,0.850533692,1.532944792,20.461875,HOBO
7/10/2019,NorthFork,0.852815791,1.533519792,20.36229167,HOBO
7/11/2019,NorthFork,0.852865024,1.534038542,20.37520833,HOBO
7/12/2019,NorthFork,0.859651741,1.549040625,20.47416667,HOBO
7/13/2019,NorthFork,0.863039845,1.558794792,20.58958333,HOBO
7/14/2019,NorthFork,0.862472739,1.560086458,20.65625,HOBO
7/15/2019,NorthFork,0.859055465,1.55821875,20.775,HOBO
7/16/2019,NorthFork,0.853172751,1.550146875,20.8375,HOBO
7/17/2019,NorthFork,0.844286823,1.539683333,20.98583333,HOBO
7/18/2019,NorthFork,0.836942649,1.53569375,21.25041667,HOBO
7/19/2019,NorthFork,0.830929374,1.531825,21.4525,HOBO
7/20/2019,NorthFork,0.814822492,1.512051042,21.71729167,HOBO
7/21/2019,NorthFork,0.798959305,1.493929167,22.03041667,HOBO
7/22/2019,NorthFork,0.786317985,1.47955625,22.29083333,HOBO
7/23/2019,NorthFork,0.771091125,1.45504375,22.383125,HOBO
7/24/2019,NorthFork,0.771051243,1.446853125,22.12020833,HOBO
7/25/2019,NorthFork,0.755787537,1.41116875,21.84583333,HOBO
7/26/2019,NorthFork,0.730524137,1.360108333,21.64291667,HOBO
7/27/2019,NorthFork,0.709798707,1.318108333,21.46479167,HOBO
7/28/2019,NorthFork,0.685797487,1.27420625,21.420625,HOBO
7/29/2019,NorthFork,0.668906177,1.247757292,21.55541667,HOBO
7/30/2019,NorthFork,0.642379634,1.20694375,21.81104167,HOBO
7/31/2019,NorthFork,0.662559667,1.249321875,22.03770833,HOBO
8/1/2019,NorthFork,0.71283037,1.342316667,22.124375,HOBO
8/2/2019,NorthFork,0.872713737,1.626540625,22.07875,HOBO
8/3/2019,NorthFork,0.870121804,1.621516667,22.054375,HOBO
8/4/2019,NorthFork,0.921870465,1.713930208,22.071875,HOBO
8/5/2019,NorthFork,0.96702556,1.797732292,22.17270833,HOBO
8/6/2019,NorthFork,0.979978179,1.821878125,22.20479167,HOBO
8/7/2019,NorthFork,1.019637232,1.897127083,22.330625,HOBO
8/8/2019,NorthFork,1.069785023,1.991403125,22.46416667,HOBO
8/9/2019,NorthFork,1.069868032,1.989846875,22.42375,HOBO
8/10/2019,NorthFork,1.085336006,2.014917708,22.37041667,HOBO
8/11/2019,NorthFork,1.081109486,1.997178125,22.12895833,HOBO
8/12/2019,NorthFork,1.0577956,1.943898958,21.834375,HOBO
8/13/2019,NorthFork,1.141428007,2.084947917,21.72708333,HOBO
1/1/2020,GCREW,4.444047854,,,GW_Shoreline
1/2/2020,GCREW,4.409907417,,,GW_Shoreline
1/3/2020,GCREW,4.363645031,,,GW_Shoreline
1/4/2020,GCREW,4.330788406,,,GW_Shoreline
1/5/2020,GCREW,4.306689844,,,GW_Shoreline
1/6/2020,GCREW,4.267504042,,,GW_Shoreline
1/7/2020,GCREW,4.229956938,,,GW_Shoreline
1/8/2020,GCREW,4.188445604,,,GW_Shoreline
1/9/2020,GCREW,4.150776792,,,GW_Shoreline
1/10/2020,GCREW,4.116503458,,,GW_Shoreline
1/11/2020,GCREW,4.098288073,,,GW_Shoreline
1/12/2020,GCREW,4.087648531,,,GW_Shoreline
1/13/2020,GCREW,4.077286906,,,GW_Shoreline
1/14/2020,GCREW,4.060294792,,,GW_Shoreline
1/15/2020,GCREW,4.043813823,,,GW_Shoreline
1/16/2020,GCREW,4.026834208,,,GW_Shoreline
1/17/2020,GCREW,3.997469427,,,GW_Shoreline
1/18/2020,GCREW,3.95584175,,,GW_Shoreline
1/19/2020,GCREW,3.924155677,,,GW_Shoreline
1/20/2020,GCREW,3.893400479,,,GW_Shoreline
1/21/2020,GCREW,3.862797271,,,GW_Shoreline
1/22/2020,GCREW,3.851752073,,,GW_Shoreline
1/23/2020,GCREW,3.840603958,,,GW_Shoreline
1/24/2020,GCREW,3.830033521,,,GW_Shoreline
1/25/2020,GCREW,3.813657198,,,GW_Shoreline
1/26/2020,GCREW,3.798320083,,,GW_Shoreline
1/27/2020,GCREW,3.780542583,,,GW_Shoreline
1/28/2020,GCREW,3.763901781,,,GW_Shoreline
1/29/2020,GCREW,3.748386542,,,GW_Shoreline
1/30/2020,GCREW,3.72708076,,,GW_Shoreline
1/31/2020,GCREW,3.70570924,,,GW_Shoreline
2/1/2020,GCREW,3.689529656,,,GW_Shoreline
2/2/2020,GCREW,3.675400729,,,GW_Shoreline
2/3/2020,GCREW,3.661014073,,,GW_Shoreline
2/4/2020,GCREW,3.652647646,,,GW_Shoreline
2/5/2020,GCREW,3.648163177,,,GW_Shoreline
2/6/2020,GCREW,3.633190813,,,GW_Shoreline
2/7/2020,GCREW,3.619145375,,,GW_Shoreline
2/8/2020,GCREW,3.610637427,,,GW_Shoreline
2/9/2020,GCREW,3.595915125,,,GW_Shoreline
2/10/2020,GCREW,3.572687615,,,GW_Shoreline
2/11/2020,GCREW,3.557959052,,,GW_Shoreline
2/12/2020,GCREW,3.551730344,,,GW_Shoreline
2/13/2020,GCREW,3.545658344,,,GW_Shoreline
2/14/2020,GCREW,3.539212156,,,GW_Shoreline
2/15/2020,GCREW,3.520717656,,,GW_Shoreline
2/16/2020,GCREW,3.484657688,,,GW_Shoreline
2/17/2020,GCREW,3.457346938,,,GW_Shoreline
2/18/2020,GCREW,3.438300104,,,GW_Shoreline
2/19/2020,GCREW,3.427938126,,,GW_Shoreline
2/20/2020,GCREW,3.42036251,,,GW_Shoreline
2/21/2020,GCREW,3.397035396,,,GW_Shoreline
2/22/2020,GCREW,3.370078604,,,GW_Shoreline
2/23/2020,GCREW,3.353435469,,,GW_Shoreline
2/24/2020,GCREW,3.340645875,,,GW_Shoreline
2/25/2020,GCREW,3.332120688,,,GW_Shoreline
2/26/2020,GCREW,3.328997813,,,GW_Shoreline
2/27/2020,GCREW,3.328111198,,,GW_Shoreline
2/28/2020,GCREW,3.315937448,,,GW_Shoreline
2/29/2020,GCREW,3.299164083,,,GW_Shoreline
3/1/2020,GCREW,3.283999573,,,GW_Shoreline
3/2/2020,GCREW,3.270759979,,,GW_Shoreline
3/3/2020,GCREW,3.265631198,,,GW_Shoreline
3/4/2020,GCREW,3.263560646,,,GW_Shoreline
3/5/2020,GCREW,3.262126365,,,GW_Shoreline
3/6/2020,GCREW,3.25516324,,,GW_Shoreline
3/7/2020,GCREW,3.242113719,,,GW_Shoreline
3/8/2020,GCREW,3.231315073,,,GW_Shoreline
3/9/2020,GCREW,3.220932917,,,GW_Shoreline
3/10/2020,GCREW,3.21728649,,,GW_Shoreline
3/11/2020,GCREW,3.217659104,,,GW_Shoreline
3/12/2020,GCREW,3.219238729,,,GW_Shoreline
3/13/2020,GCREW,3.220317281,,,GW_Shoreline
3/14/2020,GCREW,3.22134599,,,GW_Shoreline
3/15/2020,GCREW,3.22224249,,,GW_Shoreline
3/16/2020,GCREW,3.221481292,,,GW_Shoreline
3/17/2020,GCREW,3.217224438,,,GW_Shoreline
3/18/2020,GCREW,3.215293021,,,GW_Shoreline
3/19/2020,GCREW,3.214732458,,,GW_Shoreline
3/20/2020,GCREW,3.214280656,,,GW_Shoreline
3/21/2020,GCREW,3.213954823,,,GW_Shoreline
3/22/2020,GCREW,3.212807135,,,GW_Shoreline
3/23/2020,GCREW,3.211597792,,,GW_Shoreline
3/24/2020,GCREW,3.207383302,,,GW_Shoreline
3/25/2020,GCREW,3.201463625,,,GW_Shoreline
3/26/2020,GCREW,3.196692302,,,GW_Shoreline
3/27/2020,GCREW,3.191887146,,,GW_Shoreline
3/28/2020,GCREW,3.190162135,,,GW_Shoreline
3/29/2020,GCREW,3.188400156,,,GW_Shoreline
3/30/2020,GCREW,3.185604021,,,GW_Shoreline
3/31/2020,GCREW,3.18270925,,,GW_Shoreline
4/1/2020,GCREW,3.179525875,,,GW_Shoreline
4/2/2020,GCREW,3.176040792,,,GW_Shoreline
4/3/2020,GCREW,3.170601167,,,GW_Shoreline
4/4/2020,GCREW,3.165991667,,,GW_Shoreline
4/5/2020,GCREW,3.162693646,,,GW_Shoreline
4/6/2020,GCREW,3.159478865,,,GW_Shoreline
4/7/2020,GCREW,3.155321854,,,GW_Shoreline
4/8/2020,GCREW,3.150783333,,,GW_Shoreline
4/9/2020,GCREW,3.146393292,,,GW_Shoreline
4/10/2020,GCREW,3.141983927,,,GW_Shoreline
4/11/2020,GCREW,3.137288521,,,GW_Shoreline
4/12/2020,GCREW,3.13034999,,,GW_Shoreline
4/13/2020,GCREW,3.151364604,,,GW_Shoreline
4/14/2020,GCREW,3.166291219,,,GW_Shoreline
4/15/2020,GCREW,3.156290219,,,GW_Shoreline
4/16/2020,GCREW,3.14795726,,,GW_Shoreline
4/17/2020,GCREW,3.139365521,,,GW_Shoreline
4/18/2020,GCREW,3.127391198,,,GW_Shoreline
4/19/2020,GCREW,3.117937083,,,GW_Shoreline
4/20/2020,GCREW,3.107795177,,,GW_Shoreline
4/21/2020,GCREW,3.101624906,,,GW_Shoreline
4/22/2020,GCREW,3.094730885,,,GW_Shoreline
4/23/2020,GCREW,3.086158563,,,GW_Shoreline
4/24/2020,GCREW,3.078440302,,,GW_Shoreline
4/25/2020,GCREW,3.071736323,,,GW_Shoreline
4/26/2020,GCREW,3.064923542,,,GW_Shoreline
4/27/2020,GCREW,3.057872969,,,GW_Shoreline
4/28/2020,GCREW,3.050854729,,,GW_Shoreline
4/29/2020,GCREW,3.043573594,,,GW_Shoreline
4/30/2020,GCREW,3.05711126,,,GW_Shoreline
5/1/2020,GCREW,3.0846155,,,GW_Shoreline
5/2/2020,GCREW,3.067976615,,,GW_Shoreline
5/3/2020,GCREW,3.054358552,,,GW_Shoreline
5/4/2020,GCREW,3.043826926,,,GW_Shoreline
5/5/2020,GCREW,3.034364708,,,GW_Shoreline
5/6/2020,GCREW,3.025159583,,,GW_Shoreline
5/7/2020,GCREW,3.016096354,,,GW_Shoreline
5/8/2020,GCREW,3.007065615,,,GW_Shoreline
5/9/2020,GCREW,2.998026844,,,GW_Shoreline
5/10/2020,GCREW,2.989182531,,,GW_Shoreline
5/11/2020,GCREW,2.978169083,,,GW_Shoreline
5/12/2020,GCREW,2.96778299,,,GW_Shoreline
5/13/2020,GCREW,2.959030135,,,GW_Shoreline
5/14/2020,GCREW,2.949333354,,,GW_Shoreline
5/15/2020,GCREW,2.941911354,,,GW_Shoreline
5/16/2020,GCREW,2.934105229,,,GW_Shoreline
5/17/2020,GCREW,2.927056885,,,GW_Shoreline
5/18/2020,GCREW,2.919696448,,,GW_Shoreline
5/19/2020,GCREW,2.912051115,,,GW_Shoreline
5/20/2020,GCREW,2.904303156,,,GW_Shoreline
5/21/2020,GCREW,2.896259135,,,GW_Shoreline
5/22/2020,GCREW,2.88784076,,,GW_Shoreline
5/23/2020,GCREW,2.879371156,,,GW_Shoreline
5/24/2020,GCREW,2.871317521,,,GW_Shoreline
5/25/2020,GCREW,2.86358149,,,GW_Shoreline
5/26/2020,GCREW,2.856101833,,,GW_Shoreline
5/27/2020,GCREW,2.848465104,,,GW_Shoreline
5/28/2020,GCREW,2.841050969,,,GW_Shoreline
5/29/2020,GCREW,2.833705031,,,GW_Shoreline
5/30/2020,GCREW,2.82643199,,,GW_Shoreline
5/31/2020,GCREW,2.819586625,,,GW_Shoreline
6/1/2020,GCREW,2.812900698,,,GW_Shoreline
6/2/2020,GCREW,2.805753323,,,GW_Shoreline
6/3/2020,GCREW,2.798374875,,,GW_Shoreline
6/4/2020,GCREW,2.791117104,,,GW_Shoreline
6/5/2020,GCREW,2.784078537,,,GW_Shoreline
6/6/2020,GCREW,2.777543229,,,GW_Shoreline
6/7/2020,GCREW,2.771482906,,,GW_Shoreline
6/8/2020,GCREW,2.765506271,,,GW_Shoreline
6/9/2020,GCREW,2.759319865,,,GW_Shoreline
6/10/2020,GCREW,2.753036021,,,GW_Shoreline
6/11/2020,GCREW,2.746890688,,,GW_Shoreline
6/12/2020,GCREW,2.740838021,,,GW_Shoreline
6/13/2020,GCREW,2.735215698,,,GW_Shoreline
6/14/2020,GCREW,2.729428031,,,GW_Shoreline
6/15/2020,GCREW,2.72344074,,,GW_Shoreline
6/16/2020,GCREW,2.717337438,,,GW_Shoreline
6/17/2020,GCREW,2.711172396,,,GW_Shoreline
6/18/2020,GCREW,2.705054281,,,GW_Shoreline
6/19/2020,GCREW,2.699378823,,,GW_Shoreline
6/20/2020,GCREW,2.693893646,,,GW_Shoreline
6/21/2020,GCREW,2.688330448,,,GW_Shoreline
6/22/2020,GCREW,2.682840385,,,GW_Shoreline
6/23/2020,GCREW,2.677303208,,,GW_Shoreline
6/24/2020,GCREW,2.672426094,,,GW_Shoreline
6/25/2020,GCREW,2.667936677,,,GW_Shoreline
6/26/2020,GCREW,2.662955052,,,GW_Shoreline
6/27/2020,GCREW,2.658294219,,,GW_Shoreline
6/28/2020,GCREW,2.653313771,,,GW_Shoreline
6/29/2020,GCREW,2.647921531,,,GW_Shoreline
6/30/2020,GCREW,2.64336376,,,GW_Shoreline
7/1/2020,GCREW,2.638731948,,,GW_Shoreline
7/2/2020,GCREW,2.63383451,,,GW_Shoreline
7/3/2020,GCREW,2.629319292,,,GW_Shoreline
7/4/2020,GCREW,2.625079073,,,GW_Shoreline
7/5/2020,GCREW,2.795496396,,,GW_Shoreline
7/6/2020,GCREW,2.823322863,,,GW_Shoreline
7/7/2020,GCREW,2.801174427,,,GW_Shoreline
7/8/2020,GCREW,2.780396063,,,GW_Shoreline
7/9/2020,GCREW,2.762595083,,,GW_Shoreline
7/10/2020,GCREW,2.747331635,,,GW_Shoreline
7/11/2020,GCREW,2.733117083,,,GW_Shoreline
7/12/2020,GCREW,2.720108302,,,GW_Shoreline
7/13/2020,GCREW,2.708262677,,,GW_Shoreline
7/14/2020,GCREW,2.697206469,,,GW_Shoreline
7/15/2020,GCREW,2.686437531,,,GW_Shoreline
7/16/2020,GCREW,2.676320719,,,GW_Shoreline
11/20/2019,GCREW,6.668928,,,GW_Shoreline
11/21/2019,GCREW,6.638807583,,,GW_Shoreline
11/22/2019,GCREW,6.534926854,,,GW_Shoreline
11/23/2019,GCREW,6.430771281,,,GW_Shoreline
11/24/2019,GCREW,6.300913375,,,GW_Shoreline
11/25/2019,GCREW,6.168874292,,,GW_Shoreline
11/26/2019,GCREW,6.079010281,,,GW_Shoreline
11/27/2019,GCREW,6.023658042,,,GW_Shoreline
11/28/2019,GCREW,5.964882833,,,GW_Shoreline
11/29/2019,GCREW,5.907955865,,,GW_Shoreline
11/30/2019,GCREW,5.853557177,,,GW_Shoreline
12/1/2019,GCREW,5.800779344,,,GW_Shoreline
12/2/2019,GCREW,5.680952042,,,GW_Shoreline
12/3/2019,GCREW,5.589550719,,,GW_Shoreline
12/4/2019,GCREW,5.504869365,,,GW_Shoreline
12/5/2019,GCREW,5.443816719,,,GW_Shoreline
12/6/2019,GCREW,5.39193849,,,GW_Shoreline
12/7/2019,GCREW,5.344332781,,,GW_Shoreline
12/8/2019,GCREW,5.296597021,,,GW_Shoreline
12/9/2019,GCREW,5.248900917,,,GW_Shoreline
12/10/2019,GCREW,5.212386313,,,GW_Shoreline
12/11/2019,GCREW,5.163385323,,,GW_Shoreline
12/12/2019,GCREW,5.085596188,,,GW_Shoreline
12/13/2019,GCREW,5.019412813,,,GW_Shoreline
12/14/2019,GCREW,4.97423825,,,GW_Shoreline
12/15/2019,GCREW,4.932234135,,,GW_Shoreline
12/16/2019,GCREW,4.878371375,,,GW_Shoreline
12/17/2019,GCREW,4.822463688,,,GW_Shoreline
12/18/2019,GCREW,4.772820958,,,GW_Shoreline
12/19/2019,GCREW,4.738463271,,,GW_Shoreline
12/20/2019,GCREW,4.71305626,,,GW_Shoreline
12/21/2019,GCREW,4.684342094,,,GW_Shoreline
12/22/2019,GCREW,4.657784625,,,GW_Shoreline
12/23/2019,GCREW,4.63198325,,,GW_Shoreline
12/24/2019,GCREW,4.607433052,,,GW_Shoreline
12/25/2019,GCREW,4.584187198,,,GW_Shoreline
12/26/2019,GCREW,4.560702917,,,GW_Shoreline
12/27/2019,GCREW,4.538129563,,,GW_Shoreline
12/28/2019,GCREW,4.517630031,,,GW_Shoreline
12/29/2019,GCREW,4.49427624,,,GW_Shoreline
12/30/2019,GCREW,4.468442938,,,GW_Shoreline
12/31/2019,GCREW,4.451825781,,,GW_Shoreline
6/28/2019,GCREW,4.267646467,,,MarshOrgan
6/29/2019,GCREW,4.016159105,,,MarshOrgan
6/30/2019,GCREW,3.77084605,,,MarshOrgan
7/1/2019,GCREW,4.049372769,,,MarshOrgan
7/2/2019,GCREW,4.305870636,,,MarshOrgan
7/3/2019,GCREW,3.910787679,,,MarshOrgan
7/4/2019,GCREW,4.058004758,,,MarshOrgan
7/5/2019,GCREW,4.113910912,,,MarshOrgan
7/6/2019,GCREW,4.074210632,,,MarshOrgan
7/7/2019,GCREW,3.975445445,,,MarshOrgan
7/8/2019,GCREW,4.200103882,,,MarshOrgan
7/9/2019,GCREW,3.678990995,,,MarshOrgan
7/10/2019,GCREW,3.786981749,,,MarshOrgan
7/11/2019,GCREW,4.360470134,,,MarshOrgan
7/12/2019,GCREW,3.289709894,,,MarshOrgan
7/13/2019,GCREW,3.343798088,,,MarshOrgan
7/14/2019,GCREW,3.860591402,,,MarshOrgan
7/15/2019,GCREW,3.787990502,,,MarshOrgan
7/16/2019,GCREW,4.615743598,,,MarshOrgan
7/17/2019,GCREW,4.742247082,,,MarshOrgan
7/18/2019,GCREW,4.72931775,,,MarshOrgan
7/19/2019,GCREW,4.438525985,,,MarshOrgan
7/20/2019,GCREW,4.846658437,,,MarshOrgan
7/21/2019,GCREW,4.769786383,,,MarshOrgan
7/22/2019,GCREW,5.066191696,,,MarshOrgan
7/23/2019,GCREW,5.068952364,,,MarshOrgan
7/24/2019,GCREW,5.676194785,,,MarshOrgan
7/25/2019,GCREW,6.125809591,,,MarshOrgan
7/26/2019,GCREW,6.160456182,,,MarshOrgan
7/27/2019,GCREW,5.653842253,,,MarshOrgan
7/28/2019,GCREW,6.1118266,,,MarshOrgan
7/29/2019,GCREW,5.789653023,,,MarshOrgan
7/30/2019,GCREW,6.218466397,,,MarshOrgan
7/31/2019,GCREW,5.982531861,,,MarshOrgan
8/1/2019,GCREW,5.700752398,,,MarshOrgan
8/2/2019,GCREW,5.928125716,,,MarshOrgan
8/3/2019,GCREW,6.143363328,,,MarshOrgan
8/4/2019,GCREW,6.294002289,,,MarshOrgan
8/5/2019,GCREW,6.56361964,,,MarshOrgan
8/6/2019,GCREW,6.589852557,,,MarshOrgan
8/7/2019,GCREW,6.532483744,,,MarshOrgan
8/8/2019,GCREW,6.037834994,,,MarshOrgan
8/9/2019,GCREW,6.485667852,,,MarshOrgan
8/10/2019,GCREW,6.290276612,,,MarshOrgan
8/11/2019,GCREW,6.868254849,,,MarshOrgan
8/12/2019,GCREW,7.305985452,,,MarshOrgan
8/13/2019,GCREW,7.557415453,,,MarshOrgan
8/14/2019,GCREW,6.677610082,,,MarshOrgan
8/15/2019,GCREW,7.229451381,,,MarshOrgan
8/16/2019,GCREW,7.502562849,,,MarshOrgan
8/17/2019,GCREW,7.561512536,,,MarshOrgan
8/18/2019,GCREW,7.57606841,,,MarshOrgan
8/19/2019,GCREW,7.644664398,,,MarshOrgan
8/20/2019,GCREW,7.727016599,,,MarshOrgan
8/21/2019,GCREW,7.806628341,,,MarshOrgan
8/22/2019,GCREW,6.670090094,,,MarshOrgan
8/23/2019,GCREW,6.504325449,,,MarshOrgan
8/24/2019,GCREW,7.4959196,,,MarshOrgan
8/25/2019,GCREW,8.622704749,,,MarshOrgan
8/26/2019,GCREW,9.007986869,,,MarshOrgan
8/27/2019,GCREW,9.205982828,,,MarshOrgan
8/28/2019,GCREW,9.055119898,,,MarshOrgan
8/29/2019,GCREW,8.24585899,,,MarshOrgan
8/30/2019,GCREW,9.147217027,,,MarshOrgan
8/31/2019,GCREW,8.512747992,,,MarshOrgan
9/1/2019,GCREW,8.681117886,,,MarshOrgan
9/2/2019,GCREW,8.913876715,,,MarshOrgan
9/3/2019,GCREW,9.01053115,,,MarshOrgan
9/4/2019,GCREW,8.969002434,,,MarshOrgan
9/5/2019,GCREW,9.375630237,,,MarshOrgan
9/6/2019,GCREW,9.560416946,,,MarshOrgan
9/7/2019,GCREW,9.921694635,,,MarshOrgan
9/8/2019,GCREW,9.962567096,,,MarshOrgan
9/9/2019,GCREW,8.357069388,,,MarshOrgan
9/10/2019,GCREW,9.939447998,,,MarshOrgan
9/11/2019,GCREW,9.685820409,,,MarshOrgan
9/12/2019,GCREW,9.039862727,,,MarshOrgan
9/13/2019,GCREW,9.897970821,,,MarshOrgan
9/14/2019,GCREW,10.43511529,,,MarshOrgan
9/15/2019,GCREW,10.02742653,,,MarshOrgan
9/16/2019,GCREW,10.25602367,,,MarshOrgan
9/17/2019,GCREW,10.155674,,,MarshOrgan
9/18/2019,GCREW,10.67256174,,,MarshOrgan
9/19/2019,GCREW,11.13878988,,,MarshOrgan
9/20/2019,GCREW,11.74795562,,,MarshOrgan
9/21/2019,GCREW,11.74696649,,,MarshOrgan
9/22/2019,GCREW,11.20155143,,,MarshOrgan
9/23/2019,GCREW,11.04166206,,,MarshOrgan
9/24/2019,GCREW,8.4845116,,,MarshOrgan
9/25/2019,GCREW,11.83128162,,,MarshOrgan
9/26/2019,GCREW,11.85110415,,,MarshOrgan
9/27/2019,GCREW,11.96338636,,,MarshOrgan
9/28/2019,GCREW,11.95361053,,,MarshOrgan
9/29/2019,GCREW,11.48446599,,,MarshOrgan
9/30/2019,GCREW,11.33993452,,,MarshOrgan
10/1/2019,GCREW,11.37722723,,,MarshOrgan
10/2/2019,GCREW,11.0619999,,,MarshOrgan
10/3/2019,GCREW,11.15156686,,,MarshOrgan
10/4/2019,GCREW,11.62658721,,,MarshOrgan
10/5/2019,GCREW,13.32663221,,,MarshOrgan
10/6/2019,GCREW,13.23319491,,,MarshOrgan
10/7/2019,GCREW,13.06147917,,,MarshOrgan
10/8/2019,GCREW,13.43279567,,,MarshOrgan
10/9/2019,GCREW,13.51978494,,,MarshOrgan
10/10/2019,GCREW,13.8785072,,,MarshOrgan
10/11/2019,GCREW,13.92332654,,,MarshOrgan
10/12/2019,GCREW,13.98810788,,,MarshOrgan
10/13/2019,GCREW,14.49363209,,,MarshOrgan
10/14/2019,GCREW,14.52091254,,,MarshOrgan
10/15/2019,GCREW,14.76388578,,,MarshOrgan
10/16/2019,GCREW,13.87445874,,,MarshOrgan
10/17/2019,GCREW,10.61055506,,,MarshOrgan
10/18/2019,GCREW,6.502094063,,,MarshOrgan
10/19/2019,GCREW,10.9700906,,,MarshOrgan
10/20/2019,GCREW,11.158969,,,MarshOrgan
10/21/2019,GCREW,8.677464539,,,MarshOrgan
10/22/2019,GCREW,13.50455623,,,MarshOrgan
10/23/2019,GCREW,12.33422018,,,MarshOrgan
10/24/2019,GCREW,14.5131308,,,MarshOrgan
10/25/2019,GCREW,14.88975703,,,MarshOrgan
10/26/2019,GCREW,13.88745881,,,MarshOrgan
10/27/2019,GCREW,14.01631605,,,MarshOrgan
10/28/2019,GCREW,12.7899976,,,MarshOrgan
10/29/2019,GCREW,14.23080346,,,MarshOrgan
10/30/2019,GCREW,14.69580768,,,MarshOrgan
